CustomerNumber,Name,ManagingDept,Code,Office Location,CustomerStatus,Type,CustomerAddress1,CustomerAddress2,CustomerCity,CustomerState,CustomerZip,CustomerCountry,CustomerPhoneNo,Use Customer,CustomerAddress1,CustomerAddress2,CustomerCity,CustomerState,CustomerZip,CustomerCountry,CreditStatus,Through,Amount,Certification,ValidThrough,TaxStatus,DealNumber,Dealname,ParentNumber,Office Location,Dealtype,Address1,Address2,Status,City,State,Zip,Country,MainPhone,Billing Cycle,Pay Type,Status,CreditThrough,Deal Credit Limit,Certification,ValidThrough,TaxStatus,Tax Type,Department,Code,PoNumber,Type,Account,Cost Object,UPayType,PaymentType,Contact
520,Customers_CreditApproval_Create_Deal_Invalid_CostCenter,910430,AUTOTESTCUSTOMER_180719000612,,1,UCS Cable TV,104 UNIVERSAL CITY PLAZA,SUITE 200,UNIVERSAL CITY,CALIFORNIA,91608,UNITED STATES,2487678989,1,2069-12-31,38438.00
801,TC091_ORB-600_Customer_Copy,910432,AUTOTESTCUSTOMER_180719000818,,1,UCS Cable TV,101 UNIVERSAL CITY PLAZA,SUITE 200,UNIVERSAL CITY,CALIFORNIA,91608,UNITED STATES,2487678989,1,2069-12-31,16980.00
900,TC103_ORB-700_Customers_InterceptMenu_Copy,910435,AUTOTESTCUSTOMER_180719001034,,1,UCS Cable TV,104 UNIVERSAL CITY PLAZA,SUITE 200,UNIVERSAL CITY,CALIFORNIA,91608,UNITED STATES,2487678989,1,2069-12-31,66980.00
901,TC104_ORB-700_Customers_InterceptMenu_Edit,910439,AUTOTESTCUSTOMER_180719001236,,1,UCS Cable TV,104 UNIVERSAL CITY PLAZA,SUITE 200,UNIVERSAL CITY,CALIFORNIA,91608,UNITED STATES,2487678989,1,2069-12-31,94853.00
902,TC105_ORB-700_Customers_InterceptMenu_Deactivate_Reactivate,910440,AUTOTESTCUSTOMER_180719001441,,1,UCS Cable TV,100 UNIVERSAL CITY PLAZA,SUITE 200,UNIVERSAL CITY,CALIFORNIA,91608,UNITED STATES,2487678989,1,2069-12-31,81464.00
400,TC042_ORB-2553_Customer_Credit Approval_UPMContact,910443,AUTOTESTCUSTOMER_81765,,1,UCS Cable TV,100 UNIVERSAL CITY PLAZA,SUITE 200,UNIVERSAL CITY,CALIFORNIA,91608,UNITED STATES,7345999664,1,2069-12-31,81765.00