CustomerNumber,Name,ManagingDept,Code,Office Location,CustomerStatus,Type,CustomerAddress1,CustomerAddress2,CustomerCity,CustomerState,CustomerZip,CustomerCountry,CustomerPhoneNo,Use Customer,CustomerAddress1,CustomerAddress2,CustomerCity,CustomerState,CustomerZip,CustomerCountry,CreditStatus,Through,Amount,Certification,ValidThrough,TaxStatus,DealNumber,Dealname,ParentNumber,Office Location,Dealtype,Address1,Address2,Status,City,State,Zip,Country,MainPhone,Billing Cycle,Pay Type,Status,CreditThrough,Deal Credit Limit,Certification,ValidThrough,TaxStatus,Tax Type,Department,Code,PoNumber,Type,Account,Cost Object,UPayType,PaymentType,Contact
140,TC007_ORB-279_Add Customer_New,910392,AUTOTESTCUSTOMER_170719225502,,1,UCS TV,100 UNIVERSAL CITY PLAZA,SUITE 200,UNIVERSAL CITY,CALIFORNIA,91608,UNITED STATES,2487678989,1,2069-12-31,35969.00
142,TC009_ORB-279_Add Customer_Duplicate,910396,AUTOTESTCUSTOMER_170719225716,,1,UCS TV,100 UNIVERSAL CITY PLAZA,SUITE 200,UNIVERSAL CITY,CALIFORNIA,91608,UNITED STATES,2487678989,1,2069-12-31,91202.00
142,TC009_ORB-279_Add Customer_Duplicate,910400,AUTOTESTCUSTOMER_170719225843,,1,UCS TV,100 UNIVERSAL CITY PLAZA,SUITE 200,UNIVERSAL CITY,CALIFORNIA,91608,UNITED STATES,2487678989,1,2069-12-31,71800.00
143,TC010_ORB-279_Update Customer_CreditLimit Update,910402,AUTOTESTCUSTOMER_170719230012,,1,UCS TV,100 UNIVERSAL CITY PLAZA,SUITE 200,UNIVERSAL CITY,CALIFORNIA,91608,UNITED STATES,2487678989,1,2069-12-31,22109.00
144,TC011_ORB-279_Update Customer_CreditExpirationUpdate,910408,AUTOTESTCUSTOMER_170719230200,,1,UCS TV,100 UNIVERSAL CITY PLAZA,SUITE 200,UNIVERSAL CITY,CALIFORNIA,91608,UNITED STATES,2487678989,1,2069-12-31,75936.00
144,TC011_ORB-279_Update Customer_CreditExpirationUpdate,910408,AUTOTESTCUSTOMER_170719230200,,1,UCS TV,100 UNIVERSAL CITY PLAZA,SUITE 200,UNIVERSAL CITY,CALIFORNIA,91608,UNITED STATES,2487678989,1,2069-12-31,75936.00
145,TC012_ORB-279_Update Customer_Permanent Customer,910412,AUTOTESTCUSTOMER_170719230342,,1,UCS TV,100 UNIVERSAL CITY PLAZA,SUITE 200,UNIVERSAL CITY,CALIFORNIA,91608,UNITED STATES,2487678989,1,2069-12-31,96587.00
145,TC012_ORB-279_Update Customer_Permanent Customer,910412,AUTOTESTCUSTOMER_170719230342,,1,UCS TV,100 UNIVERSAL CITY PLAZA,SUITE 200,UNIVERSAL CITY,CALIFORNIA,91608,UNITED STATES,2487678989,0,2019-07-18,96587.00
146,TC013_ORB-279_Update Customer_ProductionType_ParentCompany_Collector,910414,AUTOTESTCUSTOMER_170719230529,,1,UCS TV,100 UNIVERSAL CITY PLAZA,SUITE 200,UNIVERSAL CITY,CALIFORNIA,91608,UNITED STATES,2487678989,1,2069-12-31,34211.00
147,TC014_ORB-279_Update Customer_UI Validation,910417,AUTOTESTCUSTOMER_170719230707,,1,UCS TV,100 UNIVERSAL CITY PLAZA,SUITE 200,UNIVERSAL CITY,CALIFORNIA,91608,UNITED STATES,2487678989,1,2069-12-31,69325.00