CustomerNumber,Name,ManagingDept,Code,Office Location,CustomerStatus,Type,CustomerAddress1,CustomerAddress2,CustomerCity,CustomerState,CustomerZip,CustomerCountry,CustomerPhoneNo,Use Customer,CustomerAddress1,CustomerAddress2,CustomerCity,CustomerState,CustomerZip,CustomerCountry,CreditStatus,Through,Amount,Certification,ValidThrough,TaxStatus,DealNumber,Dealname,ParentNumber,Office Location,Dealtype,Address1,Address2,Status,City,State,Zip,Country,MainPhone,Billing Cycle,Pay Type,Status,CreditThrough,Deal Credit Limit,Certification,ValidThrough,TaxStatus,Tax Type,Department,Code,PoNumber,Type,Account,Cost Object,UPayType,PaymentType,Contact
144,TC011_ORB-279_Update Customer_CreditExpirationUpdate,910466,AUTOTESTCUSTOMER_180719014356,,1,UCS TV,100 UNIVERSAL CITY PLAZA,SUITE 200,UNIVERSAL CITY,CALIFORNIA,91608,UNITED STATES,2487678989,1,2069-12-31,92991.00
144,TC011_ORB-279_Update Customer_CreditExpirationUpdate,910466,AUTOTESTCUSTOMER_180719014356,,1,UCS TV,100 UNIVERSAL CITY PLAZA,SUITE 200,UNIVERSAL CITY,CALIFORNIA,91608,UNITED STATES,2487678989,1,2069-12-31,92991.00
145,TC012_ORB-279_Update Customer_Permanent Customer,910467,AUTOTESTCUSTOMER_180719014536,,1,UCS TV,100 UNIVERSAL CITY PLAZA,SUITE 200,UNIVERSAL CITY,CALIFORNIA,91608,UNITED STATES,2487678989,1,2069-12-31,49011.00
145,TC012_ORB-279_Update Customer_Permanent Customer,910467,AUTOTESTCUSTOMER_180719014536,,1,UCS TV,100 UNIVERSAL CITY PLAZA,SUITE 200,UNIVERSAL CITY,CALIFORNIA,91608,UNITED STATES,2487678989,0,2019-07-19,49011.00
1399,Multi Address Contact Scenario,910468,AUTOTESTCUSTOMER_76521,,1,UCS TV,100 UNIVERSAL CITY PLAZA,SUITE 200,UNIVERSAL CITY,CALIFORNIA,91608,UNITED STATES,7347781480,1,2069-12-31,76521.00
1499,Multi Contact Scenario,910469,AUTOTESTCUSTOMER_97456,,1,UCS TV,100 UNIVERSAL CITY PLAZA,SUITE 200,UNIVERSAL CITY,CALIFORNIA,91608,UNITED STATES,7349475265,1,2069-12-31,97456.00
1599,Multi Address Scenario,910470,AUTOTESTCUSTOMER_79060,,1,UCS TV,100 UNIVERSAL CITY PLAZA,SUITE 200,UNIVERSAL CITY,CALIFORNIA,91608,UNITED STATES,7348061693,1,2069-12-31,79060.00
1400,TC031_ORB-533_Deals_Add_Deal,910283,AUTO_ILLUMINATION DYNAMICS INC,Set Lighting - PA,1,FPS External,3823 BARRINGER DRIVE,,CHARLOTTE,NORTH CAROLINA,28217,UNITED STATES,7046799400,1,2069-12-31,,1,2019-10-31,1,190073,'AUTOTESTDEAL_39689,Feature,3823 BARRINGER DRIVE,,Open Deal,CHARLOTTE,NORTH CAROLINA,28217,UNITED STATES,7046799400,1,2069-12-31,1,2019-10-31,1,Set Lighting - PA,675466
1401,TC032_ORB-534_Deals_Edit_Deal_Insurance Certified,910283,AUTO_ILLUMINATION DYNAMICS INC,Set Lighting - PA,1,FPS External,3823 BARRINGER DRIVE,,CHARLOTTE,NORTH CAROLINA,28217,UNITED STATES,7046799400,1,2069-12-31,,1,2019-10-31,1,190074,'AUTOTESTDEAL_78412,Feature,3823 BARRINGER DRIVE,,Open Deal,CHARLOTTE,NORTH CAROLINA,28217,UNITED STATES,7046799400,1,2069-12-31,1,2019-10-31,1,Set Lighting - PA,675466
1401,TC032_ORB-534_Deals_Edit_Deal_Insurance Certified,910283,AUTO_ILLUMINATION DYNAMICS INC,Set Lighting - PA,1,FPS External,3823 BARRINGER DRIVE,,CHARLOTTE,NORTH CAROLINA,28217,UNITED STATES,7046799400,1,2069-12-31,,0,2019-10-31,1,190074,'AUTOTESTDEAL_78412,Feature,3823 BARRINGER DRIVE,,Open Deal,CHARLOTTE,NORTH CAROLINA,28217,UNITED STATES,7046799400,1,2069-12-31,0,2019-10-31,1,Set Lighting - PA,675466
1402,TC032_ORB-534_Deals_Edit_Deal_Project,910283,AUTO_ILLUMINATION DYNAMICS INC,Set Lighting - PA,1,FPS External,3823 BARRINGER DRIVE,,CHARLOTTE,NORTH CAROLINA,28217,UNITED STATES,7046799400,1,2069-12-31,,1,2019-10-31,1,190075,'AUTOTESTDEAL_43577,Feature,3823 BARRINGER DRIVE,,Open Deal,CHARLOTTE,NORTH CAROLINA,28217,UNITED STATES,7046799400,1,2069-12-31,1,2019-10-31,1,Set Lighting - PA,675466
1402,TC032_ORB-534_Deals_Edit_Deal_Project,910283,AUTO_ILLUMINATION DYNAMICS INC,Set Lighting - PA,1,FPS External,3823 BARRINGER DRIVE,,CHARLOTTE,NORTH CAROLINA,28217,UNITED STATES,7046799400,1,2069-12-31,,1,2019-10-31,1,190075,'AUTOTESTDEAL_43577,Feature,3823 BARRINGER DRIVE,,Open Deal,CHARLOTTE,NORTH CAROLINA,28217,UNITED STATES,7046799400,1,2069-12-31,1,2019-10-31,1,Set Lighting - PA,675466
1403,TC032_ORB-534_Deals_Edit_Deal_Alternate Address,910283,AUTO_ILLUMINATION DYNAMICS INC,Set Lighting - PA,1,FPS External,3823 BARRINGER DRIVE,,CHARLOTTE,NORTH CAROLINA,28217,UNITED STATES,7046799400,1,2069-12-31,,1,2019-10-31,1,190076,'AUTOTESTDEAL_56953,Feature,3823 BARRINGER DRIVE,,Open Deal,CHARLOTTE,NORTH CAROLINA,28217,UNITED STATES,7046799400,1,2069-12-31,1,2019-10-31,1,Set Lighting - PA,675466
1403,TC032_ORB-534_Deals_Edit_Deal_Alternate Address,910283,AUTO_ILLUMINATION DYNAMICS INC,Set Lighting - PA,1,FPS External,3823 BARRINGER DRIVE,,CHARLOTTE,NORTH CAROLINA,28217,UNITED STATES,7046799400,1,2069-12-31,,1,2019-10-31,1,190076,'AUTOTESTDEAL_56953,Feature,3823 BARRINGER DRIVE,,Open Deal,CHARLOTTE,NORTH CAROLINA,28217,UNITED STATES,7046799400,1,2069-12-31,1,2019-10-31,1,Set Lighting - PA,675466
1404,TC032_ORB-534_Deals_Edit_Deal_Insurance Expiration Date ,910283,AUTO_ILLUMINATION DYNAMICS INC,Set Lighting - PA,1,FPS External,3823 BARRINGER DRIVE,,CHARLOTTE,NORTH CAROLINA,28217,UNITED STATES,7046799400,1,2069-12-31,,1,2019-10-31,1,190077,'AUTOTESTDEAL_95896,Feature,3823 BARRINGER DRIVE,,Open Deal,CHARLOTTE,NORTH CAROLINA,28217,UNITED STATES,7046799400,1,2069-12-31,1,2019-10-31,1,Set Lighting - PA,675466
1404,TC032_ORB-534_Deals_Edit_Deal_Insurance Expiration Date ,910283,AUTO_ILLUMINATION DYNAMICS INC,Set Lighting - PA,1,FPS External,3823 BARRINGER DRIVE,,CHARLOTTE,NORTH CAROLINA,28217,UNITED STATES,7046799400,1,2069-12-31,,1,2019-12-31,1,190077,'AUTOTESTDEAL_95896,Feature,3823 BARRINGER DRIVE,,Open Deal,CHARLOTTE,NORTH CAROLINA,28217,UNITED STATES,7046799400,1,2069-12-31,1,2019-12-31,1,Set Lighting - PA,675466
1405,TC032_ORB-534_Deals_Edit_Deal_Lot,910283,AUTO_ILLUMINATION DYNAMICS INC,Set Lighting - PA,1,FPS External,3823 BARRINGER DRIVE,,CHARLOTTE,NORTH CAROLINA,28217,UNITED STATES,7046799400,1,2069-12-31,,1,2019-10-31,1,190078,'AUTOTESTDEAL_72094,Feature,3823 BARRINGER DRIVE,,Open Deal,CHARLOTTE,NORTH CAROLINA,28217,UNITED STATES,7046799400,1,2069-12-31,1,2019-10-31,1,Set Lighting - PA,675466
1405,TC032_ORB-534_Deals_Edit_Deal_Lot,910283,AUTO_ILLUMINATION DYNAMICS INC,Set Lighting - PA,1,FPS External,3823 BARRINGER DRIVE,,CHARLOTTE,NORTH CAROLINA,28217,UNITED STATES,7046799400,1,2069-12-31,,1,2019-10-31,1,190078,'AUTOTESTDEAL_72094,Feature,3823 BARRINGER DRIVE,,Open Deal,CHARLOTTE,NORTH CAROLINA,28217,UNITED STATES,7046799400,1,2069-12-31,1,2019-10-31,1,Set Lighting - PA,675466
1406,TC032_ORB-534_Deals_Edit_Deal_Invoice Format,995191,NBC TELEVISION,Set Lighting - PA,1,FPS TV,100 UNIVERSAL CITY PLAZA,,UNIVERSAL CITY,CALIFORNIA,91608,UNITED STATES,,0,,,1,2019-10-31,1,190079,'AUTOTESTDEAL_36886,Feature,100 UNIVERSAL CITY PLAZA,,Open Deal,UNIVERSAL CITY,CALIFORNIA,91608,UNITED STATES,,0,,1,2019-10-31,1,Set Lighting - PA,675466
1406,TC032_ORB-534_Deals_Edit_Deal_Invoice Format,995191,NBC TELEVISION,Set Lighting - PA,1,FPS TV,100 UNIVERSAL CITY PLAZA,,UNIVERSAL CITY,CALIFORNIA,91608,UNITED STATES,,0,,,1,2019-10-31,1,190079,'AUTOTESTDEAL_36886,Feature,100 UNIVERSAL CITY PLAZA,,Open Deal,UNIVERSAL CITY,CALIFORNIA,91608,UNITED STATES,,0,,1,2019-10-31,1,Set Lighting - PA,675466
1514,Integration_Testing - Add Customer - Multi Countries,910473,AUTOTESTCUSTOMER_180719020907,,1,UCS TV,100 UNIVERSAL CITY PLAZA,SUITE 200,UNIVERSAL CITY,CALIFORNIA,91608,UNITED STATES,2487678989,1,2069-12-31,75784.00
1514,Integration_Testing - Add Customer - Multi Countries,910473,AUTOTESTCUSTOMER_180719020907,,1,UCS TV,AUTOADDR1_CANADA,AUTOADDR2_CANADA,AUTOCITY_CANADA,ALBERTA,43210,CANADA,2487678989,1,2069-12-31,75784.00
1514,Integration_Testing - Add Customer - Multi Countries,910473,AUTOTESTCUSTOMER_180719020907,,1,UCS TV,AUTOADDR1_UNITED KINGDOM,AUTOADDR2_UNITED KINGDOM,AUTOCITY_UNITED KING,,46557,UNITED KINGDOM,2487678989,1,2069-12-31,75784.00
1514,Integration_Testing - Add Customer - Multi Countries,910473,AUTOTESTCUSTOMER_180719020907,,1,UCS TV,AUTOADDR1_FRANCE,AUTOADDR2_FRANCE,AUTOCITY_FRANCE,,67517,FRANCE,2487678989,1,2069-12-31,75784.00
1514,Integration_Testing - Add Customer - Multi Countries,910473,AUTOTESTCUSTOMER_180719020907,,1,UCS TV,AUTOADDR1_NETHERLANDS,AUTOADDR2_NETHERLANDS,AUTOCITY_NETHERLANDS,,56087,NETHERLANDS,2487678989,1,2069-12-31,75784.00
1514,Integration_Testing - Add Customer - Multi Countries,910473,AUTOTESTCUSTOMER_180719020907,,1,UCS TV,AUTOADDR1_GERMANY,AUTOADDR2_GERMANY,AUTOCITY_GERMANY,,46762,GERMANY,2487678989,1,2069-12-31,75784.00
1514,Integration_Testing - Add Customer - Multi Countries,910473,AUTOTESTCUSTOMER_180719020907,,1,UCS TV,AUTOADDR1_JAPAN,AUTOADDR2_JAPAN,AUTOCITY_JAPAN,,74500,JAPAN,2487678989,1,2069-12-31,75784.00
1514,Integration_Testing - Add Customer - Multi Countries,910473,AUTOTESTCUSTOMER_180719020907,,1,UCS TV,AUTOADDR1_SWEDEN,AUTOADDR2_SWEDEN,AUTOCITY_SWEDEN,,54695,SWEDEN,2487678989,1,2069-12-31,75784.00
1514,Integration_Testing - Add Customer - Multi Countries,910473,AUTOTESTCUSTOMER_180719020907,,1,UCS TV,AUTOADDR1_HONG KONG,AUTOADDR2_HONG KONG,AUTOCITY_HONG KONG,,71630,HONG KONG,2487678989,1,2069-12-31,75784.00
1514,Integration_Testing - Add Customer - Multi Countries,910473,AUTOTESTCUSTOMER_180719020907,,1,UCS TV,AUTOADDR1_AUSTRALIA,AUTOADDR2_AUSTRALIA,AUTOCITY_AUSTRALIA,,75824,AUSTRALIA,2487678989,1,2069-12-31,75784.00
1514,Integration_Testing - Add Customer - Multi Countries,910473,AUTOTESTCUSTOMER_180719020907,,1,UCS TV,AUTOADDR1_SINGAPORE,AUTOADDR2_SINGAPORE,AUTOCITY_SINGAPORE,,98195,SINGAPORE,2487678989,1,2069-12-31,75784.00
1514,Integration_Testing - Add Customer - Multi Countries,910473,AUTOTESTCUSTOMER_180719020907,,1,UCS TV,AUTOADDR1_BELGIUM,AUTOADDR2_BELGIUM,AUTOCITY_BELGIUM,,96124,BELGIUM,2487678989,1,2069-12-31,75784.00
1514,Integration_Testing - Add Customer - Multi Countries,910473,AUTOTESTCUSTOMER_180719020907,,1,UCS TV,AUTOADDR1_HUNGARY,AUTOADDR2_HUNGARY,AUTOCITY_HUNGARY,,32925,HUNGARY,2487678989,1,2069-12-31,75784.00
1514,Integration_Testing - Add Customer - Multi Countries,910473,AUTOTESTCUSTOMER_180719020907,,1,UCS TV,AUTOADDR1_MEXICO,AUTOADDR2_MEXICO,AUTOCITY_MEXICO,,78123,MEXICO,2487678989,1,2069-12-31,75784.00
1514,Integration_Testing - Add Customer - Multi Countries,910473,AUTOTESTCUSTOMER_180719020907,,1,UCS TV,AUTOADDR1_BRAZIL,AUTOADDR2_BRAZIL,AUTOCITY_BRAZIL,,70764,BRAZIL,2487678989,1,2069-12-31,75784.00
1514,Integration_Testing - Add Customer - Multi Countries,910473,AUTOTESTCUSTOMER_180719020907,,1,UCS TV,AUTOADDR1_CZECH REPUBLIC,AUTOADDR2_CZECH REPUBLIC,AUTOCITY_CZECH REPUB,,19517,CZECH REPUBLIC,2487678989,1,2069-12-31,75784.00
1514,Integration_Testing - Add Customer - Multi Countries,910473,AUTOTESTCUSTOMER_180719020907,,1,UCS TV,AUTOADDR1_INDIA,AUTOADDR2_INDIA,AUTOCITY_INDIA,,10011,INDIA,2487678989,1,2069-12-31,75784.00
1514,Integration_Testing - Add Customer - Multi Countries,910473,AUTOTESTCUSTOMER_180719020907,,1,UCS TV,AUTOADDR1_PORTUGAL,AUTOADDR2_PORTUGAL,AUTOCITY_PORTUGAL,,27559,PORTUGAL,2487678989,1,2069-12-31,75784.00
1514,Integration_Testing - Add Customer - Multi Countries,910473,AUTOTESTCUSTOMER_180719020907,,1,UCS TV,"AUTOADDR1_TAIWAN, PROVINCE OF","AUTOADDR2_TAIWAN, PROVINCE OF","AUTOCITY_TAIWAN, PRO",,73529,"TAIWAN, PROVINCE OF CHINA",2487678989,1,2069-12-31,75784.00
1514,Integration_Testing - Add Customer - Multi Countries,910473,AUTOTESTCUSTOMER_180719020907,,1,UCS TV,AUTOADDR1_SWITZERLAND,AUTOADDR2_SWITZERLAND,AUTOCITY_SWITZERLAND,,90169,SWITZERLAND,2487678989,1,2069-12-31,75784.00
1514,Integration_Testing - Add Customer - Multi Countries,910473,AUTOTESTCUSTOMER_180719020907,,1,UCS TV,AUTOADDR1_SPAIN,AUTOADDR2_SPAIN,AUTOCITY_SPAIN,,20945,SPAIN,2487678989,1,2069-12-31,75784.00
1514,Integration_Testing - Add Customer - Multi Countries,910473,AUTOTESTCUSTOMER_180719020907,,1,UCS TV,AUTOADDR1_ITALY,AUTOADDR2_ITALY,AUTOCITY_ITALY,,70767,ITALY,2487678989,1,2069-12-31,75784.00
1514,Integration_Testing - Add Customer - Multi Countries,910473,AUTOTESTCUSTOMER_180719020907,,1,UCS TV,AUTOADDR1_NORWAY,AUTOADDR2_NORWAY,AUTOCITY_NORWAY,,10541,NORWAY,2487678989,1,2069-12-31,75784.00
1514,Integration_Testing - Add Customer - Multi Countries,910473,AUTOTESTCUSTOMER_180719020907,,1,UCS TV,AUTOADDR1_POLAND,AUTOADDR2_POLAND,AUTOCITY_POLAND,,25010,POLAND,2487678989,1,2069-12-31,75784.00
1514,Integration_Testing - Add Customer - Multi Countries,910473,AUTOTESTCUSTOMER_180719020907,,1,UCS TV,AUTOADDR1_PUERTO RICO,AUTOADDR2_PUERTO RICO,AUTOCITY_PUERTO RICO,,75005,PUERTO RICO,2487678989,1,2069-12-31,75784.00
1514,Integration_Testing - Add Customer - Multi Countries,910473,AUTOTESTCUSTOMER_180719020907,,1,UCS TV,AUTOADDR1_TURKEY,AUTOADDR2_TURKEY,AUTOCITY_TURKEY,,46695,TURKEY,2487678989,1,2069-12-31,75784.00
1514,Integration_Testing - Add Customer - Multi Countries,910473,AUTOTESTCUSTOMER_180719020907,,1,UCS TV,AUTOADDR1_BULGARIA,AUTOADDR2_BULGARIA,AUTOCITY_BULGARIA,,72537,BULGARIA,2487678989,1,2069-12-31,75784.00
1514,Integration_Testing - Add Customer - Multi Countries,910473,AUTOTESTCUSTOMER_180719020907,,1,UCS TV,AUTOADDR1_DENMARK,AUTOADDR2_DENMARK,AUTOCITY_DENMARK,,40819,DENMARK,2487678989,1,2069-12-31,75784.00
1514,Integration_Testing - Add Customer - Multi Countries,910473,AUTOTESTCUSTOMER_180719020907,,1,UCS TV,AUTOADDR1_FINLAND,AUTOADDR2_FINLAND,AUTOCITY_FINLAND,,75501,FINLAND,2487678989,1,2069-12-31,75784.00
1514,Integration_Testing - Add Customer - Multi Countries,910473,AUTOTESTCUSTOMER_180719020907,,1,UCS TV,AUTOADDR1_CROATIA,AUTOADDR2_CROATIA,AUTOCITY_CROATIA,,58292,CROATIA,2487678989,1,2069-12-31,75784.00
1516,Integration_Testing - Create Update Deal - GRIP - IL_1,910283,AUTO_ILLUMINATION DYNAMICS INC,GRIP - IL,1,FPS External,3823 BARRINGER DRIVE,,CHARLOTTE,NORTH CAROLINA,28217,UNITED STATES,7046799400,1,2069-12-31,,1,2018-04-23,1,198232,'AUTOTESTDEAL16997,Feature,3823 BARRINGER DRIVE,,Open Deal,CHARLOTTE,NORTH CAROLINA,28217,UNITED STATES,7046799400,1,2069-12-31,1,2018-04-23,1,GRIP - IL,5466
1516,Integration_Testing - Create Update Deal - GRIP - IL_1,910283,AUTO_ILLUMINATION DYNAMICS INC,GRIP - IL,1,FPS External,3823 BARRINGER DRIVE,,CHARLOTTE,NORTH CAROLINA,28217,UNITED STATES,7046799400,1,2069-12-31,,1,2019-12-31,1,198232,'AUTOTESTDEAL16997,Feature,3823 BARRINGER DRIVE,,Open Deal,CHARLOTTE,NORTH CAROLINA,28217,UNITED STATES,7046799400,1,2069-12-31,1,2019-12-31,1,GRIP - IL,5466
1517,Integration_Testing - Create Deal - Mac Tech - NM_1,990018,NBC TELEVISION,UNIVERSAL LED - NM,1,NMLG Cable TV,3000 WEST ALAMEDA AVE,,BURBANK,CALIFORNIA,91523,UNITED STATES,,0,,,1,2018-04-23,1,193033,'AUTOTESTDEAL14438,Independent Feature,3000 WEST ALAMEDA AVE,,Open Deal,BURBANK,CALIFORNIA,91523,UNITED STATES,,0,,1,2018-04-23,1,UNIVERSAL LED - NM,5466
15160,Integration_Testing - Create Update Deal - GRIP - IL_2,995191,NBC TELEVISION,GRIP - IL,1,FPS TV,100 UNIVERSAL CITY PLAZA,,UNIVERSAL CITY,CALIFORNIA,91608,UNITED STATES,,0,,,1,2018-04-23,1,198233,'AUTOTESTDEAL59188,Feature,100 UNIVERSAL CITY PLAZA,,Open Deal,UNIVERSAL CITY,CALIFORNIA,91608,UNITED STATES,,0,,1,2018-04-23,1,GRIP - IL,5466
15160,Integration_Testing - Create Update Deal - GRIP - IL_2,995191,NBC TELEVISION,GRIP - IL,1,FPS TV,100 UNIVERSAL CITY PLAZA,,UNIVERSAL CITY,CALIFORNIA,91608,UNITED STATES,,0,,,1,2018-12-31,1,198233,'AUTOTESTDEAL59188,Feature,100 UNIVERSAL CITY PLAZA,,Open Deal,UNIVERSAL CITY,CALIFORNIA,91608,UNITED STATES,,0,,1,2018-12-31,1,GRIP - IL,5466
15170,Integration_Testing - Create Deal - Mac Tech - NM_2,990018,NBC TELEVISION,UNIVERSAL LED - NM,1,NMLG Cable TV,3000 WEST ALAMEDA AVE,,BURBANK,CALIFORNIA,91523,UNITED STATES,,0,,,1,2018-04-23,1,193034,'AUTOTESTDEAL69636,Independent Feature,3000 WEST ALAMEDA AVE,,Open Deal,BURBANK,CALIFORNIA,91523,UNITED STATES,,0,,1,2018-04-23,1,UNIVERSAL LED - NM,5466
15190,Integration_Testing - Create Update Deal - Transportation_2,970329,NBC TELEVISION,Transportation,1,UCS TV,100 UNIVERSAL CITY PLAZA,BUILDING 5166 2NF FLOOR,UNIVERSAL CITY,CALIFORNIA,91608,UNITED STATES,8187333067,0,2020-12-29,50000.00,1,2018-04-23,1,132079,'AUTOTESTDEAL56364,Feature,100 UNIVERSAL CITY PLAZA,BUILDING 5166 2NF FLOOR,Open Deal,UNIVERSAL CITY,CALIFORNIA,91608,UNITED STATES,8187333067,0,2020-12-29,1,2018-04-23,1,Transportation,5466
15190,Integration_Testing - Create Update Deal - Transportation_2,970329,NBC TELEVISION,Transportation,1,UCS TV,100 UNIVERSAL CITY PLAZA,BUILDING 5166 2NF FLOOR,UNIVERSAL CITY,CALIFORNIA,91608,UNITED STATES,8187333067,0,2020-12-29,50000.00,1,2018-12-31,1,132079,'AUTOTESTDEAL56364,Feature,100 UNIVERSAL CITY PLAZA,BUILDING 5166 2NF FLOOR,Open Deal,UNIVERSAL CITY,CALIFORNIA,91608,UNITED STATES,8187333067,0,2020-12-29,1,2018-12-31,1,Transportation,5466
15200,Integration_Testing - Create Update Deal - Dumpsters_2,970329,NBC TELEVISION,Dumpsters,1,UCS TV,100 UNIVERSAL CITY PLAZA,BUILDING 5166 2NF FLOOR,UNIVERSAL CITY,CALIFORNIA,91608,UNITED STATES,8187333067,0,2020-12-29,50000.00,1,2018-04-23,1,161650,'AUTOTESTDEAL34005,Feature,100 UNIVERSAL CITY PLAZA,BUILDING 5166 2NF FLOOR,Open Deal,UNIVERSAL CITY,CALIFORNIA,91608,UNITED STATES,8187333067,0,2020-12-29,1,2018-04-23,1,Dumpsters,5466
15200,Integration_Testing - Create Update Deal - Dumpsters_2,970329,NBC TELEVISION,Dumpsters,1,UCS TV,100 UNIVERSAL CITY PLAZA,BUILDING 5166 2NF FLOOR,UNIVERSAL CITY,CALIFORNIA,91608,UNITED STATES,8187333067,0,2020-12-29,50000.00,1,2017-12-31,1,161650,'AUTOTESTDEAL34005,Feature,100 UNIVERSAL CITY PLAZA,BUILDING 5166 2NF FLOOR,Open Deal,UNIVERSAL CITY,CALIFORNIA,91608,UNITED STATES,8187333067,0,2020-12-29,1,2017-12-31,1,Dumpsters,5466
15210,Integration_Testing - Create Update Deal - GMO_2,970329,NBC TELEVISION,GMO,1,UCS TV,100 UNIVERSAL CITY PLAZA,BUILDING 5166 2NF FLOOR,UNIVERSAL CITY,CALIFORNIA,91608,UNITED STATES,8187333067,0,2020-12-29,50000.00,1,2018-04-23,1,654789,'AUTOTESTDEAL26303,Feature,100 UNIVERSAL CITY PLAZA,BUILDING 5166 2NF FLOOR,Open Deal,UNIVERSAL CITY,CALIFORNIA,91608,UNITED STATES,8187333067,0,2020-12-29,1,2018-04-23,1,GMO,5466
15210,Integration_Testing - Create Update Deal - GMO_2,970329,NBC TELEVISION,GMO,1,UCS TV,100 UNIVERSAL CITY PLAZA,BUILDING 5166 2NF FLOOR,UNIVERSAL CITY,CALIFORNIA,91608,UNITED STATES,8187333067,0,2020-12-29,50000.00,1,2017-12-31,1,654789,'AUTOTESTDEAL26303,Feature,100 UNIVERSAL CITY PLAZA,BUILDING 5166 2NF FLOOR,Open Deal,UNIVERSAL CITY,CALIFORNIA,91608,UNITED STATES,8187333067,0,2020-12-29,1,2017-12-31,1,GMO,5466
15220,Integration_Testing - Create Update Deal - Security_2,970329,NBC TELEVISION,Security,1,UCS TV,100 UNIVERSAL CITY PLAZA,BUILDING 5166 2NF FLOOR,UNIVERSAL CITY,CALIFORNIA,91608,UNITED STATES,8187333067,0,2020-12-29,50000.00,1,2018-04-23,1,654790,'AUTOTESTDEAL45728,Independent Feature,100 UNIVERSAL CITY PLAZA,BUILDING 5166 2NF FLOOR,Open Deal,UNIVERSAL CITY,CALIFORNIA,91608,UNITED STATES,8187333067,0,2020-12-29,1,2018-04-23,1,Security,5466
15220,Integration_Testing - Create Update Deal - Security_2,970329,NBC TELEVISION,Security,1,UCS TV,100 UNIVERSAL CITY PLAZA,BUILDING 5166 2NF FLOOR,UNIVERSAL CITY,CALIFORNIA,91608,UNITED STATES,8187333067,0,2020-12-29,50000.00,1,2017-12-31,1,654790,'AUTOTESTDEAL45728,Independent Feature,100 UNIVERSAL CITY PLAZA,BUILDING 5166 2NF FLOOR,Open Deal,UNIVERSAL CITY,CALIFORNIA,91608,UNITED STATES,8187333067,0,2020-12-29,1,2017-12-31,1,Security,5466
15230,Integration_Testing - Create Update Deal - STUDIO POST_2,970329,NBC TELEVISION,STUDIO POST,1,UCS TV,100 UNIVERSAL CITY PLAZA,BUILDING 5166 2NF FLOOR,UNIVERSAL CITY,CALIFORNIA,91608,UNITED STATES,8187333067,0,2020-12-29,50000.00,1,2018-04-23,1,320809,'AUTOTESTDEAL64388,Independent Feature,100 UNIVERSAL CITY PLAZA,BUILDING 5166 2NF FLOOR,Open Deal,UNIVERSAL CITY,CALIFORNIA,91608,UNITED STATES,8187333067,0,2020-12-29,1,2018-04-23,1,STUDIO POST,5466
15230,Integration_Testing - Create Update Deal - STUDIO POST_2,970329,NBC TELEVISION,STUDIO POST,1,UCS TV,100 UNIVERSAL CITY PLAZA,BUILDING 5166 2NF FLOOR,UNIVERSAL CITY,CALIFORNIA,91608,UNITED STATES,8187333067,0,2020-12-29,50000.00,1,2017-12-31,1,320809,'AUTOTESTDEAL64388,Independent Feature,100 UNIVERSAL CITY PLAZA,BUILDING 5166 2NF FLOOR,Open Deal,UNIVERSAL CITY,CALIFORNIA,91608,UNITED STATES,8187333067,0,2020-12-29,1,2017-12-31,1,STUDIO POST,5466
15250,Integration_Testing - Create Update Deal -GMO Translator,970329,NBC TELEVISION,GMO Translator,1,UCS TV,100 UNIVERSAL CITY PLAZA,BUILDING 5166 2NF FLOOR,UNIVERSAL CITY,CALIFORNIA,91608,UNITED STATES,8187333067,0,2020-12-29,50000.00,1,2018-04-23,1,098822,'AUTOTESTDEAL62424,Independent Feature,100 UNIVERSAL CITY PLAZA,BUILDING 5166 2NF FLOOR,Open Deal,UNIVERSAL CITY,CALIFORNIA,91608,UNITED STATES,8187333067,0,2020-12-29,1,2018-04-23,1,GMO Translator,5466
15250,Integration_Testing - Create Update Deal -GMO Translator,970329,NBC TELEVISION,GMO Translator,1,UCS TV,100 UNIVERSAL CITY PLAZA,BUILDING 5166 2NF FLOOR,UNIVERSAL CITY,CALIFORNIA,91608,UNITED STATES,8187333067,0,2020-12-29,50000.00,1,2018-12-31,1,098822,'AUTOTESTDEAL62424,Independent Feature,100 UNIVERSAL CITY PLAZA,BUILDING 5166 2NF FLOOR,Open Deal,UNIVERSAL CITY,CALIFORNIA,91608,UNITED STATES,8187333067,0,2020-12-29,1,2018-12-31,1,GMO Translator,5466
15260,Integration_Testing - Create Update Deal -GMO -DRY Greek,970329,NBC TELEVISION,GMO - DRY CREEK,1,UCS TV,100 UNIVERSAL CITY PLAZA,BUILDING 5166 2NF FLOOR,UNIVERSAL CITY,CALIFORNIA,91608,UNITED STATES,8187333067,0,2020-12-29,50000.00,1,2018-04-23,1,097381,'AUTOTESTDEAL80886,Independent Feature,100 UNIVERSAL CITY PLAZA,BUILDING 5166 2NF FLOOR,Open Deal,UNIVERSAL CITY,CALIFORNIA,91608,UNITED STATES,8187333067,0,2020-12-29,1,2018-04-23,1,GMO - DRY CREEK,5466
15260,Integration_Testing - Create Update Deal -GMO -DRY Greek,970329,NBC TELEVISION,GMO - DRY CREEK,1,UCS TV,100 UNIVERSAL CITY PLAZA,BUILDING 5166 2NF FLOOR,UNIVERSAL CITY,CALIFORNIA,91608,UNITED STATES,8187333067,0,2020-12-29,50000.00,1,2018-12-31,1,097381,'AUTOTESTDEAL80886,Independent Feature,100 UNIVERSAL CITY PLAZA,BUILDING 5166 2NF FLOOR,Open Deal,UNIVERSAL CITY,CALIFORNIA,91608,UNITED STATES,8187333067,0,2020-12-29,1,2018-12-31,1,GMO - DRY CREEK,5466
16100,TC031_ORB-533_Deals_Add_Deal,970329,NBC TELEVISION,UNIVERSAL LED RENTALS - CA,1,UCS TV,100 UNIVERSAL CITY PLAZA,BUILDING 5166 2NF FLOOR,UNIVERSAL CITY,CALIFORNIA,91608,UNITED STATES,8187333067,1,2020-12-29,50000.00,1,2018-04-23,1,121111,'AUTOTESTDEAL22662,Feature,100 UNIVERSAL CITY PLAZA,BUILDING 5166 2NF FLOOR,Open Deal,UNIVERSAL CITY,CALIFORNIA,91608,UNITED STATES,8187333067,0,2020-12-29,1,2018-04-23,1,UNIVERSAL LED RENTALS - CA,5466
16110,TC032_ORB-533_Deals_Add_Deal,970329,NBC TELEVISION,SET LIGHTING - CA,1,UCS TV,100 UNIVERSAL CITY PLAZA,BUILDING 5166 2NF FLOOR,UNIVERSAL CITY,CALIFORNIA,91608,UNITED STATES,8187333067,1,2020-12-29,50000.00,1,2018-04-23,1,146153,'AUTOTESTDEAL20077,Feature,100 UNIVERSAL CITY PLAZA,BUILDING 5166 2NF FLOOR,Open Deal,UNIVERSAL CITY,CALIFORNIA,91608,UNITED STATES,8187333067,0,2020-12-29,1,2018-04-23,1,SET LIGHTING - CA,5466
16120,TC033_ORB-533_Deals_Add_Deal,970329,NBC TELEVISION,DUMPSTERS ,1,UCS TV,100 UNIVERSAL CITY PLAZA,BUILDING 5166 2NF FLOOR,UNIVERSAL CITY,CALIFORNIA,91608,UNITED STATES,8187333067,1,2020-12-29,50000.00,1,2018-04-23,1,161651,'AUTOTESTDEAL38634,Feature,100 UNIVERSAL CITY PLAZA,BUILDING 5166 2NF FLOOR,Open Deal,UNIVERSAL CITY,CALIFORNIA,91608,UNITED STATES,8187333067,0,2020-12-29,1,2018-04-23,1,DUMPSTERS ,5466
16140,TC035_ORB-533_Deals_Add_Deal,970329,NBC TELEVISION,CRAFT SERVICES ,1,UCS TV,100 UNIVERSAL CITY PLAZA,BUILDING 5166 2NF FLOOR,UNIVERSAL CITY,CALIFORNIA,91608,UNITED STATES,8187333067,1,2020-12-29,50000.00,1,2018-04-23,1,161471,'AUTOTESTDEAL24774,Feature,100 UNIVERSAL CITY PLAZA,BUILDING 5166 2NF FLOOR,Open Deal,UNIVERSAL CITY,CALIFORNIA,91608,UNITED STATES,8187333067,0,2020-12-29,1,2018-04-23,1,CRAFT SERVICES ,5466
16150,TC036_ORB-533_Deals_Add_Deal,970329,NBC TELEVISION,Special Events,1,UCS TV,100 UNIVERSAL CITY PLAZA,BUILDING 5166 2NF FLOOR,UNIVERSAL CITY,CALIFORNIA,91608,UNITED STATES,8187333067,1,2020-12-29,50000.00,1,2018-04-23,1,501837,'AUTOTESTDEAL33168,Feature,100 UNIVERSAL CITY PLAZA,BUILDING 5166 2NF FLOOR,Open Deal,UNIVERSAL CITY,CALIFORNIA,91608,UNITED STATES,8187333067,0,2020-12-29,1,2018-04-23,1,Special Events,5466
16160,TC037_ORB-533_Deals_Add_Deal,970329,NBC TELEVISION,Stage & Backlot Operations,1,UCS TV,100 UNIVERSAL CITY PLAZA,BUILDING 5166 2NF FLOOR,UNIVERSAL CITY,CALIFORNIA,91608,UNITED STATES,8187333067,1,2020-12-29,50000.00,1,2018-04-23,1,402690,'AUTOTESTDEAL68034,Feature,100 UNIVERSAL CITY PLAZA,BUILDING 5166 2NF FLOOR,Open Deal,UNIVERSAL CITY,CALIFORNIA,91608,UNITED STATES,8187333067,0,2020-12-29,1,2018-04-23,1,Stage & Backlot Operations,5466
16170,TC038_ORB-533_Deals_Add_Deal,970329,NBC TELEVISION,UNIVERSAL LED SALES - CA,1,UCS TV,100 UNIVERSAL CITY PLAZA,BUILDING 5166 2NF FLOOR,UNIVERSAL CITY,CALIFORNIA,91608,UNITED STATES,8187333067,1,2020-12-29,50000.00,1,2018-04-23,1,127143,'AUTOTESTDEAL83124,Feature,100 UNIVERSAL CITY PLAZA,BUILDING 5166 2NF FLOOR,Open Deal,UNIVERSAL CITY,CALIFORNIA,91608,UNITED STATES,8187333067,0,2020-12-29,1,2018-04-23,1,UNIVERSAL LED SALES - CA,5466
16180,TC039_ORB-533_Deals_Add_Deal,970329,NBC TELEVISION,Stage & Backlot Operations,1,UCS TV,100 UNIVERSAL CITY PLAZA,BUILDING 5166 2NF FLOOR,UNIVERSAL CITY,CALIFORNIA,91608,UNITED STATES,8187333067,1,2020-12-29,50000.00,1,2018-04-23,1,402693,'AUTOTESTDEAL12570,Feature,100 UNIVERSAL CITY PLAZA,BUILDING 5166 2NF FLOOR,Open Deal,UNIVERSAL CITY,CALIFORNIA,91608,UNITED STATES,8187333067,0,2020-12-29,1,2018-04-23,1,Stage & Backlot Operations,5466
16190,TC040_ORB-533_Deals_Add_Deal,970329,NBC TELEVISION,Special Events,1,UCS TV,100 UNIVERSAL CITY PLAZA,BUILDING 5166 2NF FLOOR,UNIVERSAL CITY,CALIFORNIA,91608,UNITED STATES,8187333067,1,2020-12-29,50000.00,1,2018-04-23,1,501838,'AUTOTESTDEAL72347,Feature,100 UNIVERSAL CITY PLAZA,BUILDING 5166 2NF FLOOR,Open Deal,UNIVERSAL CITY,CALIFORNIA,91608,UNITED STATES,8187333067,0,2020-12-29,1,2018-04-23,1,Special Events,5466
17100,TC041_ORB-533_Deals_Add_Deal,970329,NBC TELEVISION,SET LIGHTING - CA,1,UCS TV,100 UNIVERSAL CITY PLAZA,BUILDING 5166 2NF FLOOR,UNIVERSAL CITY,CALIFORNIA,91608,UNITED STATES,8187333067,1,2020-12-29,50000.00,1,2018-04-23,1,146154,'AUTOTESTDEAL85773,Feature,100 UNIVERSAL CITY PLAZA,BUILDING 5166 2NF FLOOR,Open Deal,UNIVERSAL CITY,CALIFORNIA,91608,UNITED STATES,8187333067,0,2020-12-29,1,2018-04-23,1,SET LIGHTING - CA,5466
17110,TC042_ORB-533_Deals_Add_Deal,970329,NBC TELEVISION,CRAFT SERVICES ,1,UCS TV,100 UNIVERSAL CITY PLAZA,BUILDING 5166 2NF FLOOR,UNIVERSAL CITY,CALIFORNIA,91608,UNITED STATES,8187333067,1,2020-12-29,50000.00,1,2018-04-23,1,161472,'AUTOTESTDEAL13676,Feature,100 UNIVERSAL CITY PLAZA,BUILDING 5166 2NF FLOOR,Open Deal,UNIVERSAL CITY,CALIFORNIA,91608,UNITED STATES,8187333067,0,2020-12-29,1,2018-04-23,1,CRAFT SERVICES ,5466
17130,TC044_ORB-533_Deals_Add_Deal,970329,NBC TELEVISION,UNIVERSAL LED RENTALS - CA,1,UCS TV,100 UNIVERSAL CITY PLAZA,BUILDING 5166 2NF FLOOR,UNIVERSAL CITY,CALIFORNIA,91608,UNITED STATES,8187333067,1,2020-12-29,50000.00,1,2018-04-23,1,121112,'AUTOTESTDEAL25910,Feature,100 UNIVERSAL CITY PLAZA,BUILDING 5166 2NF FLOOR,Open Deal,UNIVERSAL CITY,CALIFORNIA,91608,UNITED STATES,8187333067,0,2020-12-29,1,2018-04-23,1,UNIVERSAL LED RENTALS - CA,5466
17140,TC045_ORB-533_Deals_Add_Deal,970329,NBC TELEVISION,DUMPSTERS ,1,UCS TV,100 UNIVERSAL CITY PLAZA,BUILDING 5166 2NF FLOOR,UNIVERSAL CITY,CALIFORNIA,91608,UNITED STATES,8187333067,1,2020-12-29,50000.00,1,2018-04-23,1,161652,'AUTOTESTDEAL82395,Feature,100 UNIVERSAL CITY PLAZA,BUILDING 5166 2NF FLOOR,Open Deal,UNIVERSAL CITY,CALIFORNIA,91608,UNITED STATES,8187333067,0,2020-12-29,1,2018-04-23,1,DUMPSTERS ,5466
17150,Integration_Testing - Create Deal -  GRIP CA,970329,NBC TELEVISION,GRIP - CA,1,UCS TV,100 UNIVERSAL CITY PLAZA,BUILDING 5166 2NF FLOOR,UNIVERSAL CITY,CALIFORNIA,91608,UNITED STATES,8187333067,1,2020-12-29,50000.00,1,2018-04-23,1,150873,'AUTOTESTDEAL10551,Feature,100 UNIVERSAL CITY PLAZA,BUILDING 5166 2NF FLOOR,Open Deal,UNIVERSAL CITY,CALIFORNIA,91608,UNITED STATES,8187333067,0,2020-12-29,1,2018-04-23,1,GRIP - CA,5466
17160,Integration_Testing - Create Deal -  GRIP PA_1,995191,NBC TELEVISION,GRIP - PA,1,FPS TV,100 UNIVERSAL CITY PLAZA,,UNIVERSAL CITY,CALIFORNIA,91608,UNITED STATES,,0,,,1,2018-04-23,1,195024,'AUTOTESTDEAL94040,Feature,100 UNIVERSAL CITY PLAZA,,Open Deal,UNIVERSAL CITY,CALIFORNIA,91608,UNITED STATES,,0,,1,2018-04-23,1,GRIP - PA,5466
17170,Integration_Testing - Create Deal -  GRIP PA_2,995191,NBC TELEVISION,GRIP - PA,1,FPS TV,100 UNIVERSAL CITY PLAZA,,UNIVERSAL CITY,CALIFORNIA,91608,UNITED STATES,,0,,,1,2018-04-23,1,195025,'AUTOTESTDEAL38921,Feature,100 UNIVERSAL CITY PLAZA,,Open Deal,UNIVERSAL CITY,CALIFORNIA,91608,UNITED STATES,,0,,1,2018-04-23,1,GRIP - PA,5466
17180,Integration_Testing - Create Deal -  SetLIGHTING IL_1 ,995191,NBC TELEVISION,SET LIGHTING - IL,1,FPS TV,100 UNIVERSAL CITY PLAZA,,UNIVERSAL CITY,CALIFORNIA,91608,UNITED STATES,,0,,,1,2018-04-23,1,198556,'AUTOTESTDEAL51962,Feature,100 UNIVERSAL CITY PLAZA,,Open Deal,UNIVERSAL CITY,CALIFORNIA,91608,UNITED STATES,,0,,1,2018-04-23,1,SET LIGHTING - IL,5466
17190,Integration_Testing - Create Deal -  SetLIGHTING IL _2,995191,NBC TELEVISION,SET LIGHTING - IL,1,FPS TV,100 UNIVERSAL CITY PLAZA,,UNIVERSAL CITY,CALIFORNIA,91608,UNITED STATES,,0,,,1,2018-04-23,1,198557,'AUTOTESTDEAL54856,Feature,100 UNIVERSAL CITY PLAZA,,Open Deal,UNIVERSAL CITY,CALIFORNIA,91608,UNITED STATES,,0,,1,2018-04-23,1,SET LIGHTING - IL,5466
18100,Integration_Testing - Create Deal -  GRIP GA ,995191,NBC TELEVISION,GRIP - GA,1,FPS TV,100 UNIVERSAL CITY PLAZA,,UNIVERSAL CITY,CALIFORNIA,91608,UNITED STATES,,0,,,1,2018-04-23,1,197302,'AUTOTESTDEAL82320,Feature,100 UNIVERSAL CITY PLAZA,,Open Deal,UNIVERSAL CITY,CALIFORNIA,91608,UNITED STATES,,0,,1,2018-04-23,1,GRIP - GA,5466
18110,Integration_Testing - Create Deal -  GRIP - IL,995191,NBC TELEVISION,GRIP - IL,1,FPS TV,100 UNIVERSAL CITY PLAZA,,UNIVERSAL CITY,CALIFORNIA,91608,UNITED STATES,,0,,,1,2018-04-23,1,198234,'AUTOTESTDEAL88409,Feature,100 UNIVERSAL CITY PLAZA,,Open Deal,UNIVERSAL CITY,CALIFORNIA,91608,UNITED STATES,,0,,1,2018-04-23,1,GRIP - IL,5466
18120,Integration_Testing - Create Deal -   GRIP - NM,990018,NBC TELEVISION,GRIP - NM,1,NMLG Cable TV,3000 WEST ALAMEDA AVE,,BURBANK,CALIFORNIA,91523,UNITED STATES,,0,,,1,2018-04-23,1,158282,'AUTOTESTDEAL97573,Feature,3000 WEST ALAMEDA AVE,,Open Deal,BURBANK,CALIFORNIA,91523,UNITED STATES,,0,,1,2018-04-23,1,GRIP - NM,5466
18130,Integration_Testing - Create Deal - Property,970329,NBC TELEVISION,PROPERTY,1,UCS TV,100 UNIVERSAL CITY PLAZA,BUILDING 5166 2NF FLOOR,UNIVERSAL CITY,CALIFORNIA,91608,UNITED STATES,8187333067,1,2020-12-29,50000.00,1,2018-04-23,1,086498,'AUTOTESTDEAL35963,Feature,100 UNIVERSAL CITY PLAZA,BUILDING 5166 2NF FLOOR,Open Deal,UNIVERSAL CITY,CALIFORNIA,91608,UNITED STATES,8187333067,0,2020-12-29,1,2018-04-23,1,PROPERTY,5466
18140,Integration_Testing - Create Deal - Costume_1,970329,NBC TELEVISION,COSTUME,1,UCS TV,100 UNIVERSAL CITY PLAZA,BUILDING 5166 2NF FLOOR,UNIVERSAL CITY,CALIFORNIA,91608,UNITED STATES,8187333067,1,2020-12-29,50000.00,1,2018-04-23,1,654791,'AUTOTESTDEAL98962,Feature,100 UNIVERSAL CITY PLAZA,BUILDING 5166 2NF FLOOR,Open Deal,UNIVERSAL CITY,CALIFORNIA,91608,UNITED STATES,8187333067,0,2020-12-29,1,2018-04-23,1,COSTUME,5466
18150,Integration_Testing - Create Deal - Costume_2,970329,NBC TELEVISION,COSTUME,1,UCS TV,100 UNIVERSAL CITY PLAZA,BUILDING 5166 2NF FLOOR,UNIVERSAL CITY,CALIFORNIA,91608,UNITED STATES,8187333067,1,2020-12-29,50000.00,1,2018-04-23,1,654792,'AUTOTESTDEAL30279,Feature,100 UNIVERSAL CITY PLAZA,BUILDING 5166 2NF FLOOR,Open Deal,UNIVERSAL CITY,CALIFORNIA,91608,UNITED STATES,8187333067,0,2020-12-29,1,2018-04-23,1,COSTUME,5466
18160,Integration_Testing - Create Deal - Costume_3,970329,NBC TELEVISION,COSTUME,1,UCS TV,100 UNIVERSAL CITY PLAZA,BUILDING 5166 2NF FLOOR,UNIVERSAL CITY,CALIFORNIA,91608,UNITED STATES,8187333067,1,2020-12-29,50000.00,1,2018-04-23,1,654793,'AUTOTESTDEAL37672,Feature,100 UNIVERSAL CITY PLAZA,BUILDING 5166 2NF FLOOR,Open Deal,UNIVERSAL CITY,CALIFORNIA,91608,UNITED STATES,8187333067,0,2020-12-29,1,2018-04-23,1,COSTUME,5466
18170,Integration_Testing - Create Deal - Costume_4,970329,NBC TELEVISION,COSTUME,1,UCS TV,100 UNIVERSAL CITY PLAZA,BUILDING 5166 2NF FLOOR,UNIVERSAL CITY,CALIFORNIA,91608,UNITED STATES,8187333067,1,2020-12-29,50000.00,1,2018-04-23,1,654794,'AUTOTESTDEAL21851,Feature,100 UNIVERSAL CITY PLAZA,BUILDING 5166 2NF FLOOR,Open Deal,UNIVERSAL CITY,CALIFORNIA,91608,UNITED STATES,8187333067,0,2020-12-29,1,2018-04-23,1,COSTUME,5466
18180,Integration_Testing - Create Deal - Property_2,970329,NBC TELEVISION,PROPERTY,1,UCS TV,100 UNIVERSAL CITY PLAZA,BUILDING 5166 2NF FLOOR,UNIVERSAL CITY,CALIFORNIA,91608,UNITED STATES,8187333067,1,2020-12-29,50000.00,1,2018-04-23,1,086499,'AUTOTESTDEAL91678,Feature,100 UNIVERSAL CITY PLAZA,BUILDING 5166 2NF FLOOR,Open Deal,UNIVERSAL CITY,CALIFORNIA,91608,UNITED STATES,8187333067,0,2020-12-29,1,2018-04-23,1,PROPERTY,5466
18190,Integration_Testing - Create Deal - Property_4,970329,NBC TELEVISION,PROPERTY,1,UCS TV,100 UNIVERSAL CITY PLAZA,BUILDING 5166 2NF FLOOR,UNIVERSAL CITY,CALIFORNIA,91608,UNITED STATES,8187333067,1,2020-12-29,50000.00,1,2018-04-23,1,086500,'AUTOTESTDEAL48748,Feature,100 UNIVERSAL CITY PLAZA,BUILDING 5166 2NF FLOOR,Open Deal,UNIVERSAL CITY,CALIFORNIA,91608,UNITED STATES,8187333067,0,2020-12-29,1,2018-04-23,1,PROPERTY,5466
970329,NBC TELEVISION,,CA,,ACTIVE,UCS TV,100 UNIVERSAL CITY PLAZA,BUILDING 5166 2NF FLOOR,UNIVERSAL CITY,CA,91608,USA,8187333067,True,100 UNIVERSAL CITY PLAZA,BUILDING 5166 2NF FLOOR,UNIVERSAL CITY,CA,91608,USA,APPROVED,2020-12-29,50000.00,,,True,146167,'AUTOTESTDEAL68437,,Universal City,Feature,100 UNIVERSAL CITY PLAZA,BUILDING 5166 2NF FLOOR,OPEN,UNIVERSAL CITY,CA,91608,USA,8187333067,WEEKLY,UNIV INVOICE,APPROVED,2020-12-29,50000.00,True,2018-11-23,True,,SET LIGHTING - CA,CA,312200,N,17090005,B-146167,UNIV INVOICE,,,
970329,NBC TELEVISION,,CA,,ACTIVE,UCS TV,100 UNIVERSAL CITY PLAZA,BUILDING 5166 2NF FLOOR,UNIVERSAL CITY,CA,91608,USA,8187333067,True,100 UNIVERSAL CITY PLAZA,BUILDING 5166 2NF FLOOR,UNIVERSAL CITY,CA,91608,USA,APPROVED,2020-12-29,50000.00,,,True,150874,'AUTOTESTDEAL36319,,Universal City,Feature,100 UNIVERSAL CITY PLAZA,BUILDING 5166 2NF FLOOR,OPEN,UNIVERSAL CITY,CA,91608,USA,8187333067,WEEKLY,UNIV INVOICE,APPROVED,2020-12-29,50000.00,True,2018-11-23,True,,GRIP - CA,CA,914670,N,17090005,B-150874,UNIV INVOICE,,,
970329,NBC TELEVISION,,CA,,ACTIVE,UCS TV,100 UNIVERSAL CITY PLAZA,BUILDING 5166 2NF FLOOR,UNIVERSAL CITY,CA,91608,USA,8187333067,True,100 UNIVERSAL CITY PLAZA,BUILDING 5166 2NF FLOOR,UNIVERSAL CITY,CA,91608,USA,APPROVED,2020-12-29,50000.00,,,True,161473,'AUTOTESTDEAL43073,,Universal City,Feature,100 UNIVERSAL CITY PLAZA,BUILDING 5166 2NF FLOOR,OPEN,UNIVERSAL CITY,CA,91608,USA,8187333067,WEEKLY,UNIV INVOICE,APPROVED,2020-12-29,50000.00,True,2018-11-23,True,,CRAFT SERVICES,CA,826184,N,17090005,B-161473,UNIV INVOICE,,,
970329,NBC TELEVISION,,CA,,ACTIVE,UCS TV,100 UNIVERSAL CITY PLAZA,BUILDING 5166 2NF FLOOR,UNIVERSAL CITY,CA,91608,USA,8187333067,True,100 UNIVERSAL CITY PLAZA,BUILDING 5166 2NF FLOOR,UNIVERSAL CITY,CA,91608,USA,APPROVED,2020-12-29,50000.00,,,True,127144,'AUTOTESTDEAL63185,,California,Feature,100 UNIVERSAL CITY PLAZA,BUILDING 5166 2NF FLOOR,OPEN,UNIVERSAL CITY,CA,91608,USA,8187333067,WEEKLY,UNIV INVOICE,APPROVED,2020-12-29,50000.00,True,2018-11-23,True,,UNIVERSAL LED SALES - CA,CA,276393,N,17090005,B-127144,UNIV INVOICE,,,
970329,NBC TELEVISION,,CA,,ACTIVE,UCS TV,100 UNIVERSAL CITY PLAZA,BUILDING 5166 2NF FLOOR,UNIVERSAL CITY,CA,91608,USA,8187333067,True,100 UNIVERSAL CITY PLAZA,BUILDING 5166 2NF FLOOR,UNIVERSAL CITY,CA,91608,USA,APPROVED,2020-12-29,50000.00,,,True,121113,'AUTOTESTDEAL36094,,California,Feature,100 UNIVERSAL CITY PLAZA,BUILDING 5166 2NF FLOOR,OPEN,UNIVERSAL CITY,CA,91608,USA,8187333067,WEEKLY,UNIV INVOICE,APPROVED,2020-12-29,50000.00,True,2018-11-23,True,,UNIVERSAL LED RENTALS - CA,CA,149585,N,17090005,B-121113,UNIV INVOICE,,,
970329,NBC TELEVISION,,CA,,ACTIVE,UCS TV,100 UNIVERSAL CITY PLAZA,BUILDING 5166 2NF FLOOR,UNIVERSAL CITY,CA,91608,USA,8187333067,True,100 UNIVERSAL CITY PLAZA,BUILDING 5166 2NF FLOOR,UNIVERSAL CITY,CA,91608,USA,APPROVED,2020-12-29,50000.00,,,True,402694,'AUTOTESTDEAL41743,,Universal City,Feature,100 UNIVERSAL CITY PLAZA,BUILDING 5166 2NF FLOOR,OPEN,UNIVERSAL CITY,CA,91608,USA,8187333067,WEEKLY,UNIV INVOICE,APPROVED,2020-12-29,50000.00,True,2018-11-23,True,,Stage & Backlot Operations,CA,169638,N,17090005,B-402694,UNIV INVOICE,,,
990018,NBC TELEVISION,,NM,,ACTIVE,NMLG Cable TV,3000 WEST ALAMEDA AVE,,BURBANK,CA,91523,USA,,True,3000 WEST ALAMEDA AVE,,BURBANK,CA,91523,USA,NOT APPROVED,12/31/2069,,,,True,148392,'AUTOTESTDEAL59159,,New Mexico,Feature,3000 WEST ALAMEDA AVE,,OPEN,BURBANK,CA,91523,USA,,WEEKLY,UNIV INVOICE,NOT APPROVED,12/31/2069,,True,2018-11-23,True,,SET LIGHTING - NM,NM,708270,N,17090005,B-148392,UNIV INVOICE,,,
990018,NBC TELEVISION,,NM,,ACTIVE,NMLG Cable TV,3000 WEST ALAMEDA AVE,,BURBANK,CA,91523,USA,,True,3000 WEST ALAMEDA AVE,,BURBANK,CA,91523,USA,NOT APPROVED,12/31/2069,,,,True,158283,'AUTOTESTDEAL74206,,New Mexico,Feature,3000 WEST ALAMEDA AVE,,OPEN,BURBANK,CA,91523,USA,,WEEKLY,UNIV INVOICE,NOT APPROVED,12/31/2069,,True,2018-11-23,True,,GRIP - NM,NM,969592,N,17090005,B-158283,UNIV INVOICE,,,
995191,NBC TELEVISION,,IL,,ACTIVE,FPS TV,100 UNIVERSAL CITY PLAZA,,UNIVERSAL CITY,CA,91608,USA,,True,100 UNIVERSAL CITY PLAZA,,UNIVERSAL CITY,CA,91608,USA,NOT APPROVED,12/31/2069,,,,True,198558,'AUTOTESTDEAL30737,,Illinois,Feature,100 UNIVERSAL CITY PLAZA,,OPEN,UNIVERSAL CITY,CA,91608,USA,,WEEKLY,UNIV INVOICE,NOT APPROVED,12/31/2069,,True,2018-11-23,True,,SET LIGHTING - IL,IL,489348,N,17090005,B-198558,UNIV INVOICE,,,
995191,NBC TELEVISION,,IL,,ACTIVE,FPS TV,100 UNIVERSAL CITY PLAZA,,UNIVERSAL CITY,CA,91608,USA,,True,100 UNIVERSAL CITY PLAZA,,UNIVERSAL CITY,CA,91608,USA,NOT APPROVED,12/31/2069,,,,True,198235,'AUTOTESTDEAL16508,,Illinois,Feature,100 UNIVERSAL CITY PLAZA,,OPEN,UNIVERSAL CITY,CA,91608,USA,,WEEKLY,UNIV INVOICE,NOT APPROVED,12/31/2069,,True,2018-11-23,True,,GRIP - IL,IL,878201,N,17090005,B-198235,UNIV INVOICE,,,
995191,NBC TELEVISION,,IL,,ACTIVE,FPS TV,100 UNIVERSAL CITY PLAZA,,UNIVERSAL CITY,CA,91608,USA,,True,100 UNIVERSAL CITY PLAZA,,UNIVERSAL CITY,CA,91608,USA,NOT APPROVED,12/31/2069,,,,True,198559,'AUTOTESTDEAL12361,,Illinois,Feature,100 UNIVERSAL CITY PLAZA,,OPEN,UNIVERSAL CITY,CA,91608,USA,,WEEKLY,UNIV INVOICE,NOT APPROVED,12/31/2069,,True,2018-11-23,True,,SET LIGHTING - IL,IL,632484,N,17090005,B-198559,UNIV INVOICE,,,
995191,NBC TELEVISION,,GA,,ACTIVE,FPS TV,100 UNIVERSAL CITY PLAZA,,UNIVERSAL CITY,CA,91608,USA,,True,100 UNIVERSAL CITY PLAZA,,UNIVERSAL CITY,CA,91608,USA,NOT APPROVED,12/31/2069,,,,True,197988,'AUTOTESTDEAL61294,,Georgia,Feature,100 UNIVERSAL CITY PLAZA,,OPEN,UNIVERSAL CITY,CA,91608,USA,,WEEKLY,UNIV INVOICE,NOT APPROVED,12/31/2069,,True,2018-11-23,True,,SET LIGHTING - GA,GA,636090,N,17090005,B-197988,UNIV INVOICE,,,
995191,NBC TELEVISION,,GA,,ACTIVE,FPS TV,100 UNIVERSAL CITY PLAZA,,UNIVERSAL CITY,CA,91608,USA,,True,100 UNIVERSAL CITY PLAZA,,UNIVERSAL CITY,CA,91608,USA,NOT APPROVED,12/31/2069,,,,True,197303,'AUTOTESTDEAL70578,,Georgia,Feature,100 UNIVERSAL CITY PLAZA,,OPEN,UNIVERSAL CITY,CA,91608,USA,,WEEKLY,UNIV INVOICE,NOT APPROVED,12/31/2069,,True,2018-11-23,True,,GRIP - GA,GA,697241,N,17090005,B-197303,UNIV INVOICE,,,
995191,NBC TELEVISION,,GA,,ACTIVE,FPS TV,100 UNIVERSAL CITY PLAZA,,UNIVERSAL CITY,CA,91608,USA,,True,100 UNIVERSAL CITY PLAZA,,UNIVERSAL CITY,CA,91608,USA,NOT APPROVED,12/31/2069,,,,True,199246,'AUTOTESTDEAL61982,,Georgia,Feature,100 UNIVERSAL CITY PLAZA,,OPEN,UNIVERSAL CITY,CA,91608,USA,,WEEKLY,UNIV INVOICE,NOT APPROVED,12/31/2069,,True,2018-11-23,True,,UNIVERSAL LED - GA,GA,193080,N,17090005,B-199246,UNIV INVOICE,,,
970329,NBC TELEVISION,,CA,,ACTIVE,UCS TV,100 UNIVERSAL CITY PLAZA,BUILDING 5166 2NF FLOOR,UNIVERSAL CITY,CA,91608,USA,8187333067,True,100 UNIVERSAL CITY PLAZA,BUILDING 5166 2NF FLOOR,UNIVERSAL CITY,CA,91608,USA,APPROVED,2020-12-29,50000.00,,,True,161653,'AUTOTESTDEAL35346,,Universal City,Feature,100 UNIVERSAL CITY PLAZA,BUILDING 5166 2NF FLOOR,OPEN,UNIVERSAL CITY,CA,91608,USA,8187333067,WEEKLY,UNIV INVOICE,APPROVED,2020-12-29,50000.00,True,2018-11-23,True,,DUMPSTERS,CA,352283,N,17090005,B-161653,UNIV INVOICE,,,
970329,NBC TELEVISION,,,,ACTIVE,,100 UNIVERSAL CITY PLAZA,BUILDING 5166 2NF FLOOR,UNIVERSAL CITY,CA,91608,USA,8187333067,,,,,,,,APPROVED,2020-12-29,50000.00,,,,086501,'AUTOTESTDEAL65001,970329,,Feature,100 UNIVERSAL CITY PLAZA,BUILDING 5166 2NF FLOOR,OPEN,UNIVERSAL CITY,CA,91608,USA,8187333067,,,APPROVED,2020-12-29,50000.00,True,2018-11-23,,TX,PROPERTY,,294723,,,,,,
970329,NBC TELEVISION,,,,ACTIVE,,100 UNIVERSAL CITY PLAZA,BUILDING 5166 2NF FLOOR,UNIVERSAL CITY,CA,91608,USA,8187333067,,,,,,,,APPROVED,2020-12-29,50000.00,,,,086502,'AUTOTESTDEAL43772,970329,,Feature,100 UNIVERSAL CITY PLAZA,BUILDING 5166 2NF FLOOR,OPEN,UNIVERSAL CITY,CA,91608,USA,8187333067,,,APPROVED,2020-12-29,50000.00,True,2018-11-23,,TX,PROPERTY,,802059,,,,,,
970329,NBC TELEVISION,,,,ACTIVE,,100 UNIVERSAL CITY PLAZA,BUILDING 5166 2NF FLOOR,UNIVERSAL CITY,CA,91608,USA,8187333067,,,,,,,,APPROVED,2020-12-29,50000.00,,,,086503,'AUTOTESTDEAL32855,970329,,Feature,100 UNIVERSAL CITY PLAZA,BUILDING 5166 2NF FLOOR,OPEN,UNIVERSAL CITY,CA,91608,USA,8187333067,,,APPROVED,2020-12-29,50000.00,True,2018-11-23,,TX,PROPERTY,,718962,,,,,,
1899,Customer_Create_CreditExpirationDate,910479,AUTOTESTCUSTOMER_84356,,1,UCS TV,100 UNIVERSAL CITY PLAZA,SUITE 200,UNIVERSAL CITY,CALIFORNIA,91608,UNITED STATES,7343982063,0,2020-07-17,84356.00
1999,Customer_Create_CreditExpirationDate_Update_ParentCompany,910480,AUTOTESTCUSTOMER_79998,,1,UCS TV,100 UNIVERSAL CITY PLAZA,SUITE 200,UNIVERSAL CITY,CALIFORNIA,91608,UNITED STATES,7347292347,0,2020-07-17,79998.00
1999,Customer_Create_CreditExpirationDate_Update_ParentCompany,910480,AUTOTESTCUSTOMER_79998,,1,UCS TV,100 UNIVERSAL CITY PLAZA,SUITE 200,UNIVERSAL CITY,CALIFORNIA,91608,UNITED STATES,7347292347,0,2020-07-17,79998.00
970329,NBC TELEVISION,,,,ACTIVE,,100 UNIVERSAL CITY PLAZA,BUILDING 5166 2NF FLOOR,UNIVERSAL CITY,CA,91608,USA,8187333067,,,,,,,,APPROVED,2020-12-29,50000.00,,,,654797,'AUTOTESTDEAL86891,970329,,Feature,100 UNIVERSAL CITY PLAZA,BUILDING 5166 2NF FLOOR,OPEN,UNIVERSAL CITY,CA,91608,USA,8187333067,,,APPROVED,2020-12-29,50000.00,True,2018-11-23,,TX,COSTUME,,455183,,,,,,
970329,NBC TELEVISION,,,,ACTIVE,,100 UNIVERSAL CITY PLAZA,BUILDING 5166 2NF FLOOR,UNIVERSAL CITY,CA,91608,USA,8187333067,,,,,,,,APPROVED,2020-12-29,50000.00,,,,654798,'AUTOTESTDEAL19239,970329,,Feature,100 UNIVERSAL CITY PLAZA,BUILDING 5166 2NF FLOOR,OPEN,UNIVERSAL CITY,CA,91608,USA,8187333067,,,APPROVED,2020-12-29,50000.00,True,2018-11-23,,TX,COSTUME,,615581,,,,,,
970329,NBC TELEVISION,,,,ACTIVE,,100 UNIVERSAL CITY PLAZA,BUILDING 5166 2NF FLOOR,UNIVERSAL CITY,CA,91608,USA,8187333067,,,,,,,,APPROVED,2020-12-29,50000.00,,,,654799,'AUTOTESTDEAL47306,970329,,Feature,100 UNIVERSAL CITY PLAZA,BUILDING 5166 2NF FLOOR,OPEN,UNIVERSAL CITY,CA,91608,USA,8187333067,,,APPROVED,2020-12-29,50000.00,True,2018-11-23,,TX,COSTUME,,377531,,,,,,
970329,NBC TELEVISION,,,,ACTIVE,UCS TV,100 UNIVERSAL CITY PLAZA,BUILDING 5166 2NF FLOOR,UNIVERSAL CITY,CA,91608,USA,8187333067,True,100 UNIVERSAL CITY PLAZA,BUILDING 5166 2NF FLOOR,UNIVERSAL CITY,CA,91608,USA,APPROVED,2020-12-29,50000.00,,,True,600626,'AUTOTESTDEAL24691,,,Feature,100 UNIVERSAL CITY PLAZA,BUILDING 5166 2NF FLOOR,OPEN,UNIVERSAL CITY,CA,91608,USA,8187333067,MONTHLY,UNIV INVOICE,APPROVED,2020-12-29,50000.00,True,2018-11-23,True,,EDITORIAL FACILITIES,,664085,N,17090005,,UNIV INVOICE,,,
970329,NBC TELEVISION,,,,ACTIVE,UCS TV,100 UNIVERSAL CITY PLAZA,BUILDING 5166 2NF FLOOR,UNIVERSAL CITY,CA,91608,USA,8187333067,True,100 UNIVERSAL CITY PLAZA,BUILDING 5166 2NF FLOOR,UNIVERSAL CITY,CA,91608,USA,APPROVED,2020-12-29,50000.00,,,True,600627,'AUTOTESTDEAL26616,,,Feature,100 UNIVERSAL CITY PLAZA,BUILDING 5166 2NF FLOOR,OPEN,UNIVERSAL CITY,CA,91608,USA,8187333067,MONTHLY,UNIV INVOICE,APPROVED,2020-12-29,50000.00,True,2018-11-23,True,,EDITORIAL FACILITIES,,403000,N,17090005,,UNIV INVOICE,,,