CustomerNumber,Name,ManagingDept,Code,Office Location,CustomerStatus,Type,CustomerAddress1,CustomerAddress2,CustomerCity,CustomerState,CustomerZip,CustomerCountry,CustomerPhoneNo,Use Customer,CustomerAddress1,CustomerAddress2,CustomerCity,CustomerState,CustomerZip,CustomerCountry,CreditStatus,Through,Amount,Certification,ValidThrough,TaxStatus,DealNumber,Dealname,ParentNumber,Office Location,Dealtype,Address1,Address2,Status,City,State,Zip,Country,MainPhone,Billing Cycle,Pay Type,Status,CreditThrough,Deal Credit Limit,Certification,ValidThrough,TaxStatus,Tax Type,Department,Code,PoNumber,Type,Account,Cost Object,UPayType,PaymentType,Contact
148,TC028_ORB-534_SuccessMessage_AddCustomer,910395,AUTOTESTCUSTOMER_170719225724,,1,UCS TV,100 UNIVERSAL CITY PLAZA,SUITE 200,UNIVERSAL CITY,CALIFORNIA,91608,UNITED STATES,2487678989,1,2069-12-31,39141.00
149,TC029_ORB-534_SuccessMessage_EditCustomer,910399,AUTOTESTCUSTOMER_170719225830,,1,UCS TV,100 UNIVERSAL CITY PLAZA,SUITE 200,UNIVERSAL CITY,CALIFORNIA,91608,UNITED STATES,2487678989,1,2069-12-31,98974.00
150,TC011_ORB-533_Customer_Dynamic Search_Parent Company,910404,AUTOTESTCUSTOMER_170719230019,,1,UCS TV,100 UNIVERSAL CITY PLAZA,SUITE 200,UNIVERSAL CITY,CALIFORNIA,91608,UNITED STATES,2487678989,1,2069-12-31,75712.00
1399,Multi Address Contact Scenario,910415,AUTOTESTCUSTOMER_86150,,1,UCS TV,100 UNIVERSAL CITY PLAZA,SUITE 200,UNIVERSAL CITY,CALIFORNIA,91608,UNITED STATES,7346698265,1,2069-12-31,86150.00
1499,Multi Contact Scenario,910419,AUTOTESTCUSTOMER_91974,,1,UCS TV,100 UNIVERSAL CITY PLAZA,SUITE 200,UNIVERSAL CITY,CALIFORNIA,91608,UNITED STATES,7349914547,1,2069-12-31,91974.00
1599,Multi Address Scenario,910421,AUTOTESTCUSTOMER_88023,,1,UCS TV,100 UNIVERSAL CITY PLAZA,SUITE 200,UNIVERSAL CITY,CALIFORNIA,91608,UNITED STATES,7348486360,1,2069-12-31,88023.00
1400,TC031_ORB-533_Deals_Add_Deal,970329,NBC TELEVISION,Set Lighting - CA,1,UCS TV,100 UNIVERSAL CITY PLAZA,BUILDING 5166 2NF FLOOR,UNIVERSAL CITY,CALIFORNIA,91608,UNITED STATES,8187333067,0,2020-12-29,50000.00,1,2019-10-31,1,146118,'AUTOTESTDEAL_56586,Feature,100 UNIVERSAL CITY PLAZA,BUILDING 5166 2NF FLOOR,Open Deal,UNIVERSAL CITY,CALIFORNIA,91608,UNITED STATES,8187333067,0,2020-12-29,1,2019-10-31,1,Set Lighting - CA,675466
1401,TC032_ORB-534_Deals_Edit_Deal_Insurance Certified,998025,ILLUMINATION DYNAMICS INC,Set Lighting - PA,1,FPS External,3823 BARRINGER DRIVE,,CHARLOTTE,NORTH CAROLINA,28217,UNITED STATES,7046799400,1,2069-12-31,10000.00,1,2019-10-31,1,190072,'AUTOTESTDEAL_33256,Feature,3823 BARRINGER DRIVE,,Open Deal,CHARLOTTE,NORTH CAROLINA,28217,UNITED STATES,7046799400,1,2069-12-31,1,2019-10-31,1,Set Lighting - PA,675466
1401,TC032_ORB-534_Deals_Edit_Deal_Insurance Certified,998025,ILLUMINATION DYNAMICS INC,Set Lighting - PA,1,FPS External,3823 BARRINGER DRIVE,,CHARLOTTE,NORTH CAROLINA,28217,UNITED STATES,7046799400,1,2069-12-31,10000.00,0,2019-10-31,1,190072,'AUTOTESTDEAL_33256,Feature,3823 BARRINGER DRIVE,,Open Deal,CHARLOTTE,NORTH CAROLINA,28217,UNITED STATES,7046799400,1,2069-12-31,0,2019-10-31,1,Set Lighting - PA,675466