CustomerNumber,Name,ManagingDept,Code,Office Location,CustomerStatus,Type,CustomerAddress1,CustomerAddress2,CustomerCity,CustomerState,CustomerZip,CustomerCountry,CustomerPhoneNo,Use Customer,CustomerAddress1,CustomerAddress2,CustomerCity,CustomerState,CustomerZip,CustomerCountry,CreditStatus,Through,Amount,Certification,ValidThrough,TaxStatus,DealNumber,Dealname,ParentNumber,Office Location,Dealtype,Address1,Address2,Status,City,State,Zip,Country,MainPhone,Billing Cycle,Pay Type,Status,CreditThrough,Deal Credit Limit,Certification,ValidThrough,TaxStatus,Tax Type,Department,Code,PoNumber,Type,Account,Cost Object,UPayType,PaymentType,Contact
148,TC028_ORB-534_SuccessMessage_AddCustomer,910405,AUTOTESTCUSTOMER_170719230026,,1,UCS TV,100 UNIVERSAL CITY PLAZA,SUITE 200,UNIVERSAL CITY,CALIFORNIA,91608,UNITED STATES,2487678989,1,2069-12-31,43603.00
149,TC029_ORB-534_SuccessMessage_EditCustomer,910407,AUTOTESTCUSTOMER_170719230134,,1,UCS TV,100 UNIVERSAL CITY PLAZA,SUITE 200,UNIVERSAL CITY,CALIFORNIA,91608,UNITED STATES,2487678989,1,2069-12-31,27445.00
1402,TC032_ORB-534_Deals_Edit_Deal_Project,998025,ILLUMINATION DYNAMICS INC,Set Lighting - PA,1,FPS External,3823 BARRINGER DRIVE,,CHARLOTTE,NORTH CAROLINA,28217,UNITED STATES,7046799400,1,2069-12-31,10000.00,1,2019-10-31,1,190068,'AUTOTESTDEAL_20208,Feature,3823 BARRINGER DRIVE,,Open Deal,CHARLOTTE,NORTH CAROLINA,28217,UNITED STATES,7046799400,1,2069-12-31,1,2019-10-31,1,Set Lighting - PA,675466
1402,TC032_ORB-534_Deals_Edit_Deal_Project,998025,ILLUMINATION DYNAMICS INC,Set Lighting - PA,1,FPS External,3823 BARRINGER DRIVE,,CHARLOTTE,NORTH CAROLINA,28217,UNITED STATES,7046799400,1,2069-12-31,10000.00,1,2019-10-31,1,190068,'AUTOTESTDEAL_20208,Feature,3823 BARRINGER DRIVE,,Open Deal,CHARLOTTE,NORTH CAROLINA,28217,UNITED STATES,7046799400,1,2069-12-31,1,2019-10-31,1,Set Lighting - PA,675466
1403,TC032_ORB-534_Deals_Edit_Deal_Alternate Address,998025,ILLUMINATION DYNAMICS INC,Set Lighting - PA,1,FPS External,3823 BARRINGER DRIVE,,CHARLOTTE,NORTH CAROLINA,28217,UNITED STATES,7046799400,1,2069-12-31,10000.00,1,2019-10-31,1,190069,'AUTOTESTDEAL_37750,Feature,3823 BARRINGER DRIVE,,Open Deal,CHARLOTTE,NORTH CAROLINA,28217,UNITED STATES,7046799400,1,2069-12-31,1,2019-10-31,1,Set Lighting - PA,675466
1403,TC032_ORB-534_Deals_Edit_Deal_Alternate Address,998025,ILLUMINATION DYNAMICS INC,Set Lighting - PA,1,FPS External,3823 BARRINGER DRIVE,,CHARLOTTE,NORTH CAROLINA,28217,UNITED STATES,7046799400,1,2069-12-31,10000.00,1,2019-10-31,1,190069,'AUTOTESTDEAL_37750,Feature,3823 BARRINGER DRIVE,,Open Deal,CHARLOTTE,NORTH CAROLINA,28217,UNITED STATES,7046799400,1,2069-12-31,1,2019-10-31,1,Set Lighting - PA,675466
1404,TC032_ORB-534_Deals_Edit_Deal_Insurance Expiration Date ,998025,ILLUMINATION DYNAMICS INC,Set Lighting - PA,1,FPS External,3823 BARRINGER DRIVE,,CHARLOTTE,NORTH CAROLINA,28217,UNITED STATES,7046799400,1,2069-12-31,10000.00,1,2019-10-31,1,190070,'AUTOTESTDEAL_64845,Feature,3823 BARRINGER DRIVE,,Open Deal,CHARLOTTE,NORTH CAROLINA,28217,UNITED STATES,7046799400,1,2069-12-31,1,2019-10-31,1,Set Lighting - PA,675466
1404,TC032_ORB-534_Deals_Edit_Deal_Insurance Expiration Date ,998025,ILLUMINATION DYNAMICS INC,Set Lighting - PA,1,FPS External,3823 BARRINGER DRIVE,,CHARLOTTE,NORTH CAROLINA,28217,UNITED STATES,7046799400,1,2069-12-31,10000.00,1,2019-12-31,1,190070,'AUTOTESTDEAL_64845,Feature,3823 BARRINGER DRIVE,,Open Deal,CHARLOTTE,NORTH CAROLINA,28217,UNITED STATES,7046799400,1,2069-12-31,1,2019-12-31,1,Set Lighting - PA,675466
1405,TC032_ORB-534_Deals_Edit_Deal_Lot,998025,ILLUMINATION DYNAMICS INC,Set Lighting - PA,1,FPS External,3823 BARRINGER DRIVE,,CHARLOTTE,NORTH CAROLINA,28217,UNITED STATES,7046799400,1,2069-12-31,10000.00,1,2019-10-31,1,190071,'AUTOTESTDEAL_85225,Feature,3823 BARRINGER DRIVE,,Open Deal,CHARLOTTE,NORTH CAROLINA,28217,UNITED STATES,7046799400,1,2069-12-31,1,2019-10-31,1,Set Lighting - PA,675466
1405,TC032_ORB-534_Deals_Edit_Deal_Lot,998025,ILLUMINATION DYNAMICS INC,Set Lighting - PA,1,FPS External,3823 BARRINGER DRIVE,,CHARLOTTE,NORTH CAROLINA,28217,UNITED STATES,7046799400,1,2069-12-31,10000.00,1,2019-10-31,1,190071,'AUTOTESTDEAL_85225,Feature,3823 BARRINGER DRIVE,,Open Deal,CHARLOTTE,NORTH CAROLINA,28217,UNITED STATES,7046799400,1,2069-12-31,1,2019-10-31,1,Set Lighting - PA,675466
1406,TC032_ORB-534_Deals_Edit_Deal_Invoice Format,970329,NBC TELEVISION,Set Lighting - CA,1,UCS TV,100 UNIVERSAL CITY PLAZA,BUILDING 5166 2NF FLOOR,UNIVERSAL CITY,CALIFORNIA,91608,UNITED STATES,8187333067,0,2020-12-29,50000.00,1,2019-10-31,1,146117,'AUTOTESTDEAL_57698,Feature,100 UNIVERSAL CITY PLAZA,BUILDING 5166 2NF FLOOR,Open Deal,UNIVERSAL CITY,CALIFORNIA,91608,UNITED STATES,8187333067,0,2020-12-29,1,2019-10-31,1,Set Lighting - CA,675466
1406,TC032_ORB-534_Deals_Edit_Deal_Invoice Format,970329,NBC TELEVISION,Set Lighting - CA,1,UCS TV,100 UNIVERSAL CITY PLAZA,BUILDING 5166 2NF FLOOR,UNIVERSAL CITY,CALIFORNIA,91608,UNITED STATES,8187333067,0,2020-12-29,50000.00,1,2019-10-31,1,146117,'AUTOTESTDEAL_57698,Feature,100 UNIVERSAL CITY PLAZA,BUILDING 5166 2NF FLOOR,Open Deal,UNIVERSAL CITY,CALIFORNIA,91608,UNITED STATES,8187333067,0,2020-12-29,1,2019-10-31,1,Set Lighting - CA,675466