CustomerNumber,Name,ManagingDept,Code,Office Location,CustomerStatus,Type,CustomerAddress1,CustomerAddress2,CustomerCity,CustomerState,CustomerZip,CustomerCountry,CustomerPhoneNo,Use Customer,CustomerAddress1,CustomerAddress2,CustomerCity,CustomerState,CustomerZip,CustomerCountry,CreditStatus,Through,Amount,Certification,ValidThrough,TaxStatus,DealNumber,Dealname,ParentNumber,Office Location,Dealtype,Address1,Address2,Status,City,State,Zip,Country,MainPhone,Billing Cycle,Pay Type,Status,CreditThrough,Deal Credit Limit,Certification,ValidThrough,TaxStatus,Tax Type,Department,Code,PoNumber,Type,Account,Cost Object,UPayType,PaymentType,Contact
1508,Integration_Testing - Create Deal - Set Lighting - CA_1,910477,AUTO_ILLUMINATION DYNAMICS IN,Set Lighting - CA,1,UCS External,3823 BARRINGER DRIVE,,CHARLOTTE,NORTH CAROLINA,28217,UNITED STATES,7046799400,1,2069-12-31,,1,2018-04-23,1,146182,'AUTOTESTDEAL56452,1 Hr Episodic TV Show,3823 BARRINGER DRIVE,,Open Deal,CHARLOTTE,NORTH CAROLINA,28217,UNITED STATES,7046799400,1,2069-12-31,1,2018-04-23,1,Set Lighting - CA,5466
1509,Integration_Testing - Create Deal - Office Services_1,910477,AUTO_ILLUMINATION DYNAMICS IN,Office Services,1,UCS External,3823 BARRINGER DRIVE,,CHARLOTTE,NORTH CAROLINA,28217,UNITED STATES,7046799400,1,2069-12-31,,1,2018-04-23,1,654800,'AUTOTESTDEALOFFICESERVICES50OFFICESERVICES50_56262,Independent Feature,3823 BARRINGER DRIVE,,Open Deal,CHARLOTTE,NORTH CAROLINA,28217,UNITED STATES,7046799400,1,2069-12-31,1,2018-04-23,1,Office Services,5466
1510,Integration_Testing - Create Deal - Studio Finance_1,910477,AUTO_ILLUMINATION DYNAMICS IN,Finance,1,UCS External,3823 BARRINGER DRIVE,,CHARLOTTE,NORTH CAROLINA,28217,UNITED STATES,7046799400,1,2069-12-31,,1,2018-04-23,1,002001,'AUTOTESTDEAL99844,Other Production,3823 BARRINGER DRIVE,,Open Deal,CHARLOTTE,NORTH CAROLINA,28217,UNITED STATES,7046799400,1,2069-12-31,1,2018-04-23,1,Finance,5466
1511,Integration_Testing - Create Deal - Stage and Backlot Operations_1,910477,AUTO_ILLUMINATION DYNAMICS IN,Stage & Backlot Operations,1,UCS External,3823 BARRINGER DRIVE,,CHARLOTTE,NORTH CAROLINA,28217,UNITED STATES,7046799400,1,2069-12-31,,1,2018-04-23,1,402695,'AUTOTESTDEAL14025,1 Hr Episodic TV Show,3823 BARRINGER DRIVE,,Open Deal,CHARLOTTE,NORTH CAROLINA,28217,UNITED STATES,7046799400,1,2069-12-31,1,2018-04-23,1,Stage & Backlot Operations,5466
1512,Integration_Testing - Create Deal - Marketing_1,910477,AUTO_ILLUMINATION DYNAMICS IN,Marketing,1,UCS External,3823 BARRINGER DRIVE,,CHARLOTTE,NORTH CAROLINA,28217,UNITED STATES,7046799400,1,2069-12-31,,1,2018-04-23,1,654801,'AUTOTESTDEAL17791,Subrentals,3823 BARRINGER DRIVE,,Open Deal,CHARLOTTE,NORTH CAROLINA,28217,UNITED STATES,7046799400,1,2069-12-31,1,2018-04-23,1,Marketing,5466
1513,Integration_Testing - Create Deal - Special Events_1,910477,AUTO_ILLUMINATION DYNAMICS IN,Special Events,1,UCS External,3823 BARRINGER DRIVE,,CHARLOTTE,NORTH CAROLINA,28217,UNITED STATES,7046799400,1,2069-12-31,,1,2018-04-23,1,501839,'AUTOTESTDEAL21690,Special Event,3823 BARRINGER DRIVE,,Open Deal,CHARLOTTE,NORTH CAROLINA,28217,UNITED STATES,7046799400,1,2069-12-31,1,2018-04-23,1,Special Events,5466
1515,Integration_Testing - Create Update Deal - Sound_1,910477,AUTO_ILLUMINATION DYNAMICS IN,Sound,1,UCS External,3823 BARRINGER DRIVE,,CHARLOTTE,NORTH CAROLINA,28217,UNITED STATES,7046799400,1,2069-12-31,,1,2018-04-23,1,204197,'AUTOTESTDEAL36683,1 Hr Episodic TV Show,3823 BARRINGER DRIVE,,Open Deal,CHARLOTTE,NORTH CAROLINA,28217,UNITED STATES,7046799400,1,2069-12-31,1,2018-04-23,1,Sound,5466
1515,Integration_Testing - Create Update Deal - Sound_1,910477,AUTO_ILLUMINATION DYNAMICS IN,Sound,1,UCS External,3823 BARRINGER DRIVE,,CHARLOTTE,NORTH CAROLINA,28217,UNITED STATES,7046799400,1,2069-12-31,,1,2019-12-31,1,204197,'AUTOTESTDEAL36683,1 Hr Episodic TV Show,3823 BARRINGER DRIVE,,Open Deal,CHARLOTTE,NORTH CAROLINA,28217,UNITED STATES,7046799400,1,2069-12-31,1,2019-12-31,1,Sound,5466
1518,Integration_Testing - Create Update Deal - Property_1,910477,AUTO_ILLUMINATION DYNAMICS IN,Property,1,UCS External,3823 BARRINGER DRIVE,,CHARLOTTE,NORTH CAROLINA,28217,UNITED STATES,7046799400,1,2069-12-31,,1,2018-04-23,1,086504,'AUTOTESTDEAL83649,Feature,3823 BARRINGER DRIVE,,Open Deal,CHARLOTTE,NORTH CAROLINA,28217,UNITED STATES,7046799400,1,2069-12-31,1,2018-04-23,1,Property,5466
1518,Integration_Testing - Create Update Deal - Property_1,910477,AUTO_ILLUMINATION DYNAMICS IN,Property,1,UCS External,3823 BARRINGER DRIVE,,CHARLOTTE,NORTH CAROLINA,28217,UNITED STATES,7046799400,1,2069-12-31,,1,2018-12-31,1,086504,'AUTOTESTDEAL83649,Feature,3823 BARRINGER DRIVE,,Open Deal,CHARLOTTE,NORTH CAROLINA,28217,UNITED STATES,7046799400,1,2069-12-31,1,2018-12-31,1,Property,5466
1519,Integration_Testing - Create Update Deal - Transportation_1,910477,AUTO_ILLUMINATION DYNAMICS IN,Transportation,1,UCS External,3823 BARRINGER DRIVE,,CHARLOTTE,NORTH CAROLINA,28217,UNITED STATES,7046799400,1,2069-12-31,,1,2018-04-23,1,132080,'AUTOTESTDEAL79072,Feature,3823 BARRINGER DRIVE,,Open Deal,CHARLOTTE,NORTH CAROLINA,28217,UNITED STATES,7046799400,1,2069-12-31,1,2018-04-23,1,Transportation,5466
1519,Integration_Testing - Create Update Deal - Transportation_1,910477,AUTO_ILLUMINATION DYNAMICS IN,Transportation,1,UCS External,3823 BARRINGER DRIVE,,CHARLOTTE,NORTH CAROLINA,28217,UNITED STATES,7046799400,1,2069-12-31,,1,2018-12-31,1,132080,'AUTOTESTDEAL79072,Feature,3823 BARRINGER DRIVE,,Open Deal,CHARLOTTE,NORTH CAROLINA,28217,UNITED STATES,7046799400,1,2069-12-31,1,2018-12-31,1,Transportation,5466
1520,Integration_Testing - Create Update Deal - Dumpsters_1,910477,AUTO_ILLUMINATION DYNAMICS IN,Dumpsters,1,UCS External,3823 BARRINGER DRIVE,,CHARLOTTE,NORTH CAROLINA,28217,UNITED STATES,7046799400,1,2069-12-31,,1,2018-04-23,1,161654,'AUTOTESTDEAL25463,Feature,3823 BARRINGER DRIVE,,Open Deal,CHARLOTTE,NORTH CAROLINA,28217,UNITED STATES,7046799400,1,2069-12-31,1,2018-04-23,1,Dumpsters,5466
1520,Integration_Testing - Create Update Deal - Dumpsters_1,910477,AUTO_ILLUMINATION DYNAMICS IN,Dumpsters,1,UCS External,3823 BARRINGER DRIVE,,CHARLOTTE,NORTH CAROLINA,28217,UNITED STATES,7046799400,1,2069-12-31,,1,2018-12-31,1,161654,'AUTOTESTDEAL25463,Feature,3823 BARRINGER DRIVE,,Open Deal,CHARLOTTE,NORTH CAROLINA,28217,UNITED STATES,7046799400,1,2069-12-31,1,2018-12-31,1,Dumpsters,5466
1521,Integration_Testing - Create Update Deal - GMO_1,910477,AUTO_ILLUMINATION DYNAMICS IN,GMO,1,UCS External,3823 BARRINGER DRIVE,,CHARLOTTE,NORTH CAROLINA,28217,UNITED STATES,7046799400,1,2069-12-31,,1,2018-04-23,1,654804,'AUTOTESTDEAL88961,Feature,3823 BARRINGER DRIVE,,Open Deal,CHARLOTTE,NORTH CAROLINA,28217,UNITED STATES,7046799400,1,2069-12-31,1,2018-04-23,1,GMO,5466
1521,Integration_Testing - Create Update Deal - GMO_1,910477,AUTO_ILLUMINATION DYNAMICS IN,GMO,1,UCS External,3823 BARRINGER DRIVE,,CHARLOTTE,NORTH CAROLINA,28217,UNITED STATES,7046799400,1,2069-12-31,,1,2018-12-31,1,654804,'AUTOTESTDEAL88961,Feature,3823 BARRINGER DRIVE,,Open Deal,CHARLOTTE,NORTH CAROLINA,28217,UNITED STATES,7046799400,1,2069-12-31,1,2018-12-31,1,GMO,5466
1522,Integration_Testing - Create Update Deal - Security_1,910477,AUTO_ILLUMINATION DYNAMICS IN,Security,1,UCS External,3823 BARRINGER DRIVE,,CHARLOTTE,NORTH CAROLINA,28217,UNITED STATES,7046799400,1,2069-12-31,,1,2018-04-23,1,654805,'AUTOTESTDEAL31293,Independent Feature,3823 BARRINGER DRIVE,,Open Deal,CHARLOTTE,NORTH CAROLINA,28217,UNITED STATES,7046799400,1,2069-12-31,1,2018-04-23,1,Security,5466
1522,Integration_Testing - Create Update Deal - Security_1,910477,AUTO_ILLUMINATION DYNAMICS IN,Security,1,UCS External,3823 BARRINGER DRIVE,,CHARLOTTE,NORTH CAROLINA,28217,UNITED STATES,7046799400,1,2069-12-31,,1,2018-12-31,1,654805,'AUTOTESTDEAL31293,Independent Feature,3823 BARRINGER DRIVE,,Open Deal,CHARLOTTE,NORTH CAROLINA,28217,UNITED STATES,7046799400,1,2069-12-31,1,2018-12-31,1,Security,5466
1523,Integration_Testing - Create Update Deal - STUDIO POST_1,910477,AUTO_ILLUMINATION DYNAMICS IN,STUDIO POST,1,UCS External,3823 BARRINGER DRIVE,,CHARLOTTE,NORTH CAROLINA,28217,UNITED STATES,7046799400,1,2069-12-31,,1,2018-04-23,1,320810,'AUTOTESTDEAL15208,Independent Feature,3823 BARRINGER DRIVE,,Open Deal,CHARLOTTE,NORTH CAROLINA,28217,UNITED STATES,7046799400,1,2069-12-31,1,2018-04-23,1,STUDIO POST,5466
1523,Integration_Testing - Create Update Deal - STUDIO POST_1,910477,AUTO_ILLUMINATION DYNAMICS IN,STUDIO POST,1,UCS External,3823 BARRINGER DRIVE,,CHARLOTTE,NORTH CAROLINA,28217,UNITED STATES,7046799400,1,2069-12-31,,1,2018-12-31,1,320810,'AUTOTESTDEAL15208,Independent Feature,3823 BARRINGER DRIVE,,Open Deal,CHARLOTTE,NORTH CAROLINA,28217,UNITED STATES,7046799400,1,2069-12-31,1,2018-12-31,1,STUDIO POST,5466
15080,Integration_Testing - Create Deal - Set Lighting - CA_2,910477,AUTO_ILLUMINATION DYNAMICS IN,Set Lighting - CA,1,UCS External,3823 BARRINGER DRIVE,,CHARLOTTE,NORTH CAROLINA,28217,UNITED STATES,7046799400,1,2069-12-31,,1,2018-04-23,1,146196,'AUTOTESTDEAL73119,1 Hr Episodic TV Show,3823 BARRINGER DRIVE,,Open Deal,CHARLOTTE,NORTH CAROLINA,28217,UNITED STATES,7046799400,1,2069-12-31,1,2018-04-23,1,Set Lighting - CA,5466
15090,Integration_Testing - Create Deal - Office Services_2,910477,AUTO_ILLUMINATION DYNAMICS IN,Office Services,1,UCS External,3823 BARRINGER DRIVE,,CHARLOTTE,NORTH CAROLINA,28217,UNITED STATES,7046799400,1,2069-12-31,,1,2018-04-23,1,654806,'AUTOTESTDEALOFFICESERVICES50OFFICESERVICES50_33471,Independent Feature,3823 BARRINGER DRIVE,,Open Deal,CHARLOTTE,NORTH CAROLINA,28217,UNITED STATES,7046799400,1,2069-12-31,1,2018-04-23,1,Office Services,5466
15100,Integration_Testing - Create Deal - Studio Finance_2,910477,AUTO_ILLUMINATION DYNAMICS IN,Finance,1,UCS External,3823 BARRINGER DRIVE,,CHARLOTTE,NORTH CAROLINA,28217,UNITED STATES,7046799400,1,2069-12-31,,1,2018-04-23,1,002002,'AUTOTESTDEAL24862,Other Production,3823 BARRINGER DRIVE,,Open Deal,CHARLOTTE,NORTH CAROLINA,28217,UNITED STATES,7046799400,1,2069-12-31,1,2018-04-23,1,Finance,5466
15110,Integration_Testing - Create Deal - Stage and Backlot Operations_2,910477,AUTO_ILLUMINATION DYNAMICS IN,Stage & Backlot Operations,1,UCS External,3823 BARRINGER DRIVE,,CHARLOTTE,NORTH CAROLINA,28217,UNITED STATES,7046799400,1,2069-12-31,,1,2018-04-23,1,402696,'AUTOTESTDEAL86441,1 Hr Episodic TV Show,3823 BARRINGER DRIVE,,Open Deal,CHARLOTTE,NORTH CAROLINA,28217,UNITED STATES,7046799400,1,2069-12-31,1,2018-04-23,1,Stage & Backlot Operations,5466
15120,Integration_Testing - Create Deal - Marketing_2,910477,AUTO_ILLUMINATION DYNAMICS IN,Marketing,1,UCS External,3823 BARRINGER DRIVE,,CHARLOTTE,NORTH CAROLINA,28217,UNITED STATES,7046799400,1,2069-12-31,,1,2018-04-23,1,654807,'AUTOTESTDEAL58362,Subrentals,3823 BARRINGER DRIVE,,Open Deal,CHARLOTTE,NORTH CAROLINA,28217,UNITED STATES,7046799400,1,2069-12-31,1,2018-04-23,1,Marketing,5466
15130,Integration_Testing - Create Deal - Special Events_2,910477,AUTO_ILLUMINATION DYNAMICS IN,Special Events,1,UCS External,3823 BARRINGER DRIVE,,CHARLOTTE,NORTH CAROLINA,28217,UNITED STATES,7046799400,1,2069-12-31,,1,2018-04-23,1,501840,'AUTOTESTDEAL27690,Special Event,3823 BARRINGER DRIVE,,Open Deal,CHARLOTTE,NORTH CAROLINA,28217,UNITED STATES,7046799400,1,2069-12-31,1,2018-04-23,1,Special Events,5466
15150,Integration_Testing - Create Update Deal - Sound_2,910477,AUTO_ILLUMINATION DYNAMICS IN,Sound,1,UCS External,3823 BARRINGER DRIVE,,CHARLOTTE,NORTH CAROLINA,28217,UNITED STATES,7046799400,1,2069-12-31,,1,2018-04-23,1,204198,'AUTOTESTDEAL90140,1 Hr Episodic TV Show,3823 BARRINGER DRIVE,,Open Deal,CHARLOTTE,NORTH CAROLINA,28217,UNITED STATES,7046799400,1,2069-12-31,1,2018-04-23,1,Sound,5466
15150,Integration_Testing - Create Update Deal - Sound_2,910477,AUTO_ILLUMINATION DYNAMICS IN,Sound,1,UCS External,3823 BARRINGER DRIVE,,CHARLOTTE,NORTH CAROLINA,28217,UNITED STATES,7046799400,1,2069-12-31,,1,2018-12-31,1,204198,'AUTOTESTDEAL90140,1 Hr Episodic TV Show,3823 BARRINGER DRIVE,,Open Deal,CHARLOTTE,NORTH CAROLINA,28217,UNITED STATES,7046799400,1,2069-12-31,1,2018-12-31,1,Sound,5466
15151,Integration_Testing - Create Deal - Sound - Duplicate Deal Name,910477,AUTO_ILLUMINATION DYNAMICS IN,Sound,1,UCS External,3823 BARRINGER DRIVE,,CHARLOTTE,NORTH CAROLINA,28217,UNITED STATES,7046799400,1,2069-12-31,,1,2018-04-23,1,204199,'DUPLICATEDEAL_07182019,1 Hr Episodic TV Show,3823 BARRINGER DRIVE,,Open Deal,CHARLOTTE,NORTH CAROLINA,28217,UNITED STATES,7046799400,1,2069-12-31,1,2018-04-23,1,Sound,5466
15151,Integration_Testing - Create Deal - Sound - Duplicate Deal Name,910477,AUTO_ILLUMINATION DYNAMICS IN,Sound,1,UCS External,3823 BARRINGER DRIVE,,CHARLOTTE,NORTH CAROLINA,28217,UNITED STATES,7046799400,1,2069-12-31,,1,2018-04-23,1,204200,'DUPLICATEDEAL_07182019,1 Hr Episodic TV Show,3823 BARRINGER DRIVE,,Open Deal,CHARLOTTE,NORTH CAROLINA,28217,UNITED STATES,7046799400,1,2069-12-31,1,2018-04-23,1,Sound,5466
15152,Integration_Testing - Create Deal - Sound - Same Customer and  Deal Name,910477,AUTO_ILLUMINATION DYNAMICS IN,Sound,1,UCS External,3823 BARRINGER DRIVE,,CHARLOTTE,NORTH CAROLINA,28217,UNITED STATES,7046799400,1,2069-12-31,,1,2018-04-23,1,204201,'AUTO_ILLUMINATION DYNAMICS IN,1 Hr Episodic TV Show,3823 BARRINGER DRIVE,,Open Deal,CHARLOTTE,NORTH CAROLINA,28217,UNITED STATES,7046799400,1,2069-12-31,1,2018-04-23,1,Sound,5466
15153,Integration_Testing - Create Deal - MAC TECH RENTALS - CA,910477,AUTO_ILLUMINATION DYNAMICS IN,UNIVERSAL LED RENTALS - CA,1,UCS External,3823 BARRINGER DRIVE,,CHARLOTTE,NORTH CAROLINA,28217,UNITED STATES,7046799400,1,2069-12-31,,1,2018-04-23,1,121114,'AUTOTESTDEAL51061,Feature,3823 BARRINGER DRIVE,,Open Deal,CHARLOTTE,NORTH CAROLINA,28217,UNITED STATES,7046799400,1,2069-12-31,1,2018-04-23,1,UNIVERSAL LED RENTALS - CA,5466
15154,Integration_Testing - Create Deal - SET LIGHTING - CA_3,910477,AUTO_ILLUMINATION DYNAMICS IN,SET LIGHTING - CA,1,UCS External,3823 BARRINGER DRIVE,,CHARLOTTE,NORTH CAROLINA,28217,UNITED STATES,7046799400,1,2069-12-31,,1,2018-04-23,1,146199,'AUTOTESTDEAL74706,Feature,3823 BARRINGER DRIVE,,Open Deal,CHARLOTTE,NORTH CAROLINA,28217,UNITED STATES,7046799400,1,2069-12-31,1,2018-04-23,1,SET LIGHTING - CA,5466
15155,Integration_Testing - Create Deal - DUMPSTERS ,910477,AUTO_ILLUMINATION DYNAMICS IN,DUMPSTERS ,1,UCS External,3823 BARRINGER DRIVE,,CHARLOTTE,NORTH CAROLINA,28217,UNITED STATES,7046799400,1,2069-12-31,,1,2018-04-23,1,161655,'AUTOTESTDEAL89029,Feature,3823 BARRINGER DRIVE,,Open Deal,CHARLOTTE,NORTH CAROLINA,28217,UNITED STATES,7046799400,1,2069-12-31,1,2018-04-23,1,DUMPSTERS ,5466
15157,Integration_Testing - Create Deal - CRAFT SERVICES   ,910477,AUTO_ILLUMINATION DYNAMICS IN,CRAFT SERVICES ,1,UCS External,3823 BARRINGER DRIVE,,CHARLOTTE,NORTH CAROLINA,28217,UNITED STATES,7046799400,1,2069-12-31,,1,2018-04-23,1,161474,'AUTOTESTDEAL19041,Feature,3823 BARRINGER DRIVE,,Open Deal,CHARLOTTE,NORTH CAROLINA,28217,UNITED STATES,7046799400,1,2069-12-31,1,2018-04-23,1,CRAFT SERVICES ,5466
15158,Integration_Testing - Create Deal -  Special Events  ,910477,AUTO_ILLUMINATION DYNAMICS IN,Special Events,1,UCS External,3823 BARRINGER DRIVE,,CHARLOTTE,NORTH CAROLINA,28217,UNITED STATES,7046799400,1,2069-12-31,,1,2018-04-23,1,501841,'AUTOTESTDEAL16591,Feature,3823 BARRINGER DRIVE,,Open Deal,CHARLOTTE,NORTH CAROLINA,28217,UNITED STATES,7046799400,1,2069-12-31,1,2018-04-23,1,Special Events,5466
15159,Integration_Testing - Create Deal -  Stage & Backlot Operations,910477,AUTO_ILLUMINATION DYNAMICS IN,Stage & Backlot Operations,1,UCS External,3823 BARRINGER DRIVE,,CHARLOTTE,NORTH CAROLINA,28217,UNITED STATES,7046799400,1,2069-12-31,,1,2018-04-23,1,402697,'AUTOTESTDEAL30381,Feature,3823 BARRINGER DRIVE,,Open Deal,CHARLOTTE,NORTH CAROLINA,28217,UNITED STATES,7046799400,1,2069-12-31,1,2018-04-23,1,Stage & Backlot Operations,5466
15161,Integration_Testing - Create Deal -   MAC TECH SALES - CA  ,910477,AUTO_ILLUMINATION DYNAMICS IN,UNIVERSAL LED SALES - CA ,1,UCS External,3823 BARRINGER DRIVE,,CHARLOTTE,NORTH CAROLINA,28217,UNITED STATES,7046799400,1,2069-12-31,,1,2018-04-23,1,127145,'AUTOTESTDEAL42593,Feature,3823 BARRINGER DRIVE,,Open Deal,CHARLOTTE,NORTH CAROLINA,28217,UNITED STATES,7046799400,1,2069-12-31,1,2018-04-23,1,UNIVERSAL LED SALES - CA ,5466
15162,Integration_Testing - Create Deal -  Stage & Backlot Operations  ,910477,AUTO_ILLUMINATION DYNAMICS IN,Stage & Backlot Operations,1,UCS External,3823 BARRINGER DRIVE,,CHARLOTTE,NORTH CAROLINA,28217,UNITED STATES,7046799400,1,2069-12-31,,1,2018-04-23,1,402698,'AUTOTESTDEAL68314,Feature,3823 BARRINGER DRIVE,,Open Deal,CHARLOTTE,NORTH CAROLINA,28217,UNITED STATES,7046799400,1,2069-12-31,1,2018-04-23,1,Stage & Backlot Operations,5466
15163,Integration_Testing - Create Deal -  Special Events ,910477,AUTO_ILLUMINATION DYNAMICS IN,Special Events,1,UCS External,3823 BARRINGER DRIVE,,CHARLOTTE,NORTH CAROLINA,28217,UNITED STATES,7046799400,1,2069-12-31,,1,2018-04-23,1,501842,'AUTOTESTDEAL26652,Feature,3823 BARRINGER DRIVE,,Open Deal,CHARLOTTE,NORTH CAROLINA,28217,UNITED STATES,7046799400,1,2069-12-31,1,2018-04-23,1,Special Events,5466
15164,Integration_Testing - Create Deal -  SET LIGHTING - CA _4 ,910477,AUTO_ILLUMINATION DYNAMICS IN,SET LIGHTING - CA,1,UCS External,3823 BARRINGER DRIVE,,CHARLOTTE,NORTH CAROLINA,28217,UNITED STATES,7046799400,1,2069-12-31,,1,2018-04-23,1,146200,'AUTOTESTDEAL31055,Feature,3823 BARRINGER DRIVE,,Open Deal,CHARLOTTE,NORTH CAROLINA,28217,UNITED STATES,7046799400,1,2069-12-31,1,2018-04-23,1,SET LIGHTING - CA,5466
15165,Integration_Testing - Create Deal -   CRAFT SERVICES ,910477,AUTO_ILLUMINATION DYNAMICS IN,CRAFT SERVICES ,1,UCS External,3823 BARRINGER DRIVE,,CHARLOTTE,NORTH CAROLINA,28217,UNITED STATES,7046799400,1,2069-12-31,,1,2018-04-23,1,161475,'AUTOTESTDEAL27188,Feature,3823 BARRINGER DRIVE,,Open Deal,CHARLOTTE,NORTH CAROLINA,28217,UNITED STATES,7046799400,1,2069-12-31,1,2018-04-23,1,CRAFT SERVICES ,5466
15167,Integration_Testing - Create Deal - MAC TECH RENTALS - CA,910477,AUTO_ILLUMINATION DYNAMICS IN,UNIVERSAL LED RENTALS - CA,1,UCS External,3823 BARRINGER DRIVE,,CHARLOTTE,NORTH CAROLINA,28217,UNITED STATES,7046799400,1,2069-12-31,,1,2018-04-23,1,121115,'AUTOTESTDEAL73968,Feature,3823 BARRINGER DRIVE,,Open Deal,CHARLOTTE,NORTH CAROLINA,28217,UNITED STATES,7046799400,1,2069-12-31,1,2018-04-23,1,UNIVERSAL LED RENTALS - CA,5466
15168,Integration_Testing - Create Deal -  DUMPSTERS ,910477,AUTO_ILLUMINATION DYNAMICS IN,DUMPSTERS ,1,UCS External,3823 BARRINGER DRIVE,,CHARLOTTE,NORTH CAROLINA,28217,UNITED STATES,7046799400,1,2069-12-31,,1,2018-04-23,1,161656,'AUTOTESTDEAL55105,Feature,3823 BARRINGER DRIVE,,Open Deal,CHARLOTTE,NORTH CAROLINA,28217,UNITED STATES,7046799400,1,2069-12-31,1,2018-04-23,1,DUMPSTERS ,5466
970329,NBC TELEVISION,,CA,,ACTIVE,UCS TV,100 UNIVERSAL CITY PLAZA,BUILDING 5166 2NF FLOOR,UNIVERSAL CITY,CA,91608,USA,8187333067,True,100 UNIVERSAL CITY PLAZA,BUILDING 5166 2NF FLOOR,UNIVERSAL CITY,CA,91608,USA,APPROVED,2020-12-29,50000.00,,,True,654808,'AUTOTESTDEAL41215,,Universal City,Feature,100 UNIVERSAL CITY PLAZA,BUILDING 5166 2NF FLOOR,OPEN,UNIVERSAL CITY,CA,91608,USA,8187333067,MONTHLY,UNIV INVOICE,APPROVED,2020-12-29,50000.00,True,2018-11-23,True,,OFFICE SERVICES,CA,885769,N,17090005,,UNIV INVOICE,,
970329,NBC TELEVISION,,CA,,ACTIVE,UCS TV,100 UNIVERSAL CITY PLAZA,BUILDING 5166 2NF FLOOR,UNIVERSAL CITY,CA,91608,USA,8187333067,True,100 UNIVERSAL CITY PLAZA,BUILDING 5166 2NF FLOOR,UNIVERSAL CITY,CA,91608,USA,APPROVED,2020-12-29,50000.00,,,True,654809,'AUTOTESTDEAL91346,,Universal City,Feature,100 UNIVERSAL CITY PLAZA,BUILDING 5166 2NF FLOOR,OPEN,UNIVERSAL CITY,CA,91608,USA,8187333067,MONTHLY,UNIV INVOICE,APPROVED,2020-12-29,50000.00,True,2018-11-23,True,,OFFICE SERVICES,CA,207209,N,17090005,,UNIV INVOICE,,