CustomerNumber,Name,ManagingDept,Code,Office Location,CustomerStatus,Type,CustomerAddress1,CustomerAddress2,CustomerCity,CustomerState,CustomerZip,CustomerCountry,CustomerPhoneNo,Use Customer,CustomerAddress1,CustomerAddress2,CustomerCity,CustomerState,CustomerZip,CustomerCountry,CreditStatus,Through,Amount,Certification,ValidThrough,TaxStatus,DealNumber,Dealname,ParentNumber,Office Location,Dealtype,Address1,Address2,Status,City,State,Zip,Country,MainPhone,Billing Cycle,Pay Type,Status,CreditThrough,Deal Credit Limit,Certification,ValidThrough,TaxStatus,Tax Type,Department,Code,PoNumber,Type,Account,Cost Object,UPayType,PaymentType,Contact
407,TC093_ORB_598_Customers_BulkDeactivate,910431,AUTOTESTCUSTOMER_180719000704,,1,UCS Cable TV,101 UNIVERSAL CITY PLAZA,SUITE 200,UNIVERSAL CITY,CALIFORNIA,91608,UNITED STATES,2487678989,1,2069-12-31,48959.00
512,TC098_ORB-601_Customer_Deactivate_Reactivate,910433,AUTOTESTCUSTOMER_180719000852,,1,UCS TV,104 UNIVERSAL CITY PLAZA,SUITE 200,UNIVERSAL CITY,CALIFORNIA,91608,UNITED STATES,2487678989,1,2069-12-31,47418.00
513,Customers_Deactivate_Acitve_Deals,910436,AUTOTESTCUSTOMER_180719001106,,1,UCS Cable TV,104 UNIVERSAL CITY PLAZA,SUITE 200,UNIVERSAL CITY,CALIFORNIA,91608,UNITED STATES,2487678989,1,2069-12-31,47998.00
517,Customers_Deactivate_Active_Deals_Cancel,910441,AUTOTESTCUSTOMER_180719001512,,1,UCS Cable TV,104 UNIVERSAL CITY PLAZA,SUITE 200,UNIVERSAL CITY,CALIFORNIA,91608,UNITED STATES,2487678989,1,2069-12-31,55147.00
515,TC107_ORB_701_CustomerType_Update,910442,AUTOTESTCUSTOMER_180719001830,,1,UCS TV,101 UNIVERSAL CITY PLAZA,SUITE 200,UNIVERSAL CITY,CALIFORNIA,91608,UNITED STATES,2487678989,1,2069-12-31,73444.00
518,Customers_CreditApproval_View,910444,AUTOTESTCUSTOMER_78527,,1,UCS Cable TV,104 UNIVERSAL CITY PLAZA,SUITE 200,UNIVERSAL CITY,CALIFORNIA,91608,UNITED STATES,7349504051,0,2020-07-17,78527.00
519,Customers_CreditApproval_Create_Deal_valid_CostCenter,910445,AUTOTESTCUSTOMER_180719002308,,1,UCS Cable TV,104 UNIVERSAL CITY PLAZA,SUITE 200,UNIVERSAL CITY,CALIFORNIA,91608,UNITED STATES,2487678989,1,2069-12-31,15538.00