CustomerNumber,Name,ManagingDept,Code,Office Location,CustomerStatus,Type,CustomerAddress1,CustomerAddress2,CustomerCity,CustomerState,CustomerZip,CustomerCountry,CustomerPhoneNo,Use Customer,CustomerAddress1,CustomerAddress2,CustomerCity,CustomerState,CustomerZip,CustomerCountry,CreditStatus,Through,Amount,Certification,ValidThrough,TaxStatus,DealNumber,Dealname,ParentNumber,Office Location,Dealtype,Address1,Address2,Status,City,State,Zip,Country,MainPhone,Billing Cycle,Pay Type,Status,CreditThrough,Deal Credit Limit,Certification,ValidThrough,TaxStatus,Tax Type,Department,Code,PoNumber,Type,Account,Cost Object,UPayType,PaymentType,Contact
148,TC028_ORB-534_SuccessMessage_AddCustomer,910394,AUTOTESTCUSTOMER_170719225622,,1,UCS TV,100 UNIVERSAL CITY PLAZA,SUITE 200,UNIVERSAL CITY,CALIFORNIA,91608,UNITED STATES,2487678989,1,2069-12-31,93157.00
149,TC029_ORB-534_SuccessMessage_EditCustomer,910398,AUTOTESTCUSTOMER_170719225729,,1,UCS TV,100 UNIVERSAL CITY PLAZA,SUITE 200,UNIVERSAL CITY,CALIFORNIA,91608,UNITED STATES,2487678989,1,2069-12-31,84618.00
150,TC011_ORB-533_Customer_Dynamic Search_Parent Company,910403,AUTOTESTCUSTOMER_170719230016,,1,UCS TV,100 UNIVERSAL CITY PLAZA,SUITE 200,UNIVERSAL CITY,CALIFORNIA,91608,UNITED STATES,2487678989,1,2069-12-31,55879.00
1577,Customer_AddContacts_Validation,910418,AUTOTESTCUSTOMER_170719230710,,1,UCS TV,100 UNIVERSAL CITY PLAZA,SUITE 200,UNIVERSAL CITY,CALIFORNIA,91608,UNITED STATES,2487678989,1,2069-12-31,77621.00
1588,Customer_UpdateContacts_Validation,910420,AUTOTESTCUSTOMER_170719230821,,1,UCS TV,100 UNIVERSAL CITY PLAZA,SUITE 200,UNIVERSAL CITY,CALIFORNIA,91608,UNITED STATES,2487678989,1,2069-12-31,16964.00
156,TC031_ORB-531_Search_Customer,910424,AUTOTESTCUSTOMER_170719231234,,1,UCS TV,100 UNIVERSAL CITY PLAZA,SUITE 200,UNIVERSAL CITY,CALIFORNIA,91608,UNITED STATES,2487678989,1,2069-12-31,30964.00